titre,description,nom_lieu,adresse,ville,code_postal,latitude,longitude,date_debut,date_fin
Concert & repas de soutien: Roms dans la guerre en Ukraine,♫♫♫,La Dar Centre Social Autogéré,"127, rue d'Aubagne 13006 Marseille",Marseille,13006,43.293333,5.382115,2025-04-10 19:00:00+02:00,2025-04-10 22:30:00+02:00
DESCARGAS CUBANAS #4,♫♫♫,Club 27,"27, rue d'Anvers13004 Marseille",Marseille,13004,43.303056,5.395165,2025-04-10 19:00:00+02:00,2025-04-10 22:00:00+02:00
Swinging Papy's,♫JAZZ♫,L'arlequin,"1, rue Missiri 13013 Marseille",Marseille,13014,43.355711,5.410335,2025-04-10 19:30:00+02:00,2025-04-10 23:59:00+02:00
LocoMuerte kami no ikari Rising All Star,♫TRASH PUNK METAL♫,Makeda,"103 rue Ferrari, 13005 Marseille",Marseille,13005,43.293709,5.391759,2025-04-10 19:30:00+02:00,2025-04-10 23:00:00+02:00
Jam open Mic / Concert,♫♫♫,Bar de La Plaine,"57 Place Jean Jaurès, 13005 Marseille",Marseille,13005,43.293987,5.386669,2025-04-10 20:00:00+02:00,2025-04-11 01:00:00+02:00
Kind of Jazz,♫JAZZ SOUL♫,Pizze & Sfizi,"153, rue Sainte 13007 Marseille",Marseille,13007,43.290652,5.366592,2025-04-10 20:00:00+02:00,2025-04-10 22:30:00+02:00
YSEULT,♫♫♫,Espace Julien,"39 cours Julien, 13006 Marseille",Marseille,13006,43.29431,5.383435,2025-04-10 20:00:00+02:00,2025-04-10 22:30:00+02:00
The Heartbeats,♫♫♫,Massilia Pub,"3, rue Crudère, 13006 Marseille",Marseille,13006,43.294277,5.383839,2025-04-10 20:00:00+02:00,2025-04-10 22:00:00+02:00
LES SALES MAJESTÉS + Guest,♫PUNK♫,Le Molotov,"3, place Paul Cezanne, 13006 Marseille",Marseille,13006,43.292708,5.383167,2025-04-10 20:30:00+02:00,2025-04-10 23:59:00+02:00
Mr Apollo (acoustique),♫♫♫,oliver Pub,"50 Rue Gaston de Flotte, 13012 Marseille",Marseille,13012,43.296779,5.427545,2025-04-10 20:30:00+02:00,2025-04-10 23:00:00+02:00
NOURA MINT SEYMALI TRIO,♫♫♫,Cité de la musique,4 rue Bernard du Bois 13001 Marseille,Marseille,13232,43.301517,5.375629,2025-04-10 20:30:00+02:00,2025-04-10 22:30:00+02:00
Dominique A,♫♫♫,le Silo,"35 quai du Lazaret, 13002 Marseille",Marseille,13002,43.310347,5.367188,2025-04-10 20:30:00+02:00,2025-04-10 22:30:00+02:00
Duo Klezmer,♫♫♫,Bistrot Baya,23 bd National 13001 Marseille,Marseille,13001,43.302229,5.386899,2025-04-10 20:30:00+02:00,2025-04-10 22:30:00+02:00
Trio NÓTA,♫♫♫,La Salle Musicatreize,"53 rue Grignan, 13006 Marseille",Marseille,13006,43.291709,5.375849,2025-04-10 20:30:00+02:00,2025-04-10 22:30:00+02:00
SPLEEN / COLD STRESS / INSOMINDS,♫Hardcore♫,L'intermediaire,"63 Place Jean Jaurès, 13006 Marseille",Marseille,13006,43.293997,5.386567,2025-04-10 21:00:00+02:00,2025-04-10 23:59:00+02:00
"Perreoland by DJ Lina présente, Calle pero Elegante",♫♫♫,La Dame du Mont,"30-32 Place Notre Dame Du mont, 13006 Marseille",Marseille,13006,43.291527,5.384469,2025-04-10 21:30:00+02:00,2025-04-11 01:30:00+02:00
Trae Joly,♫DJ SET batida/bouillon/bass musuc ♫,La Mer Veilleuse,"18 place Notre-Dame du Mont, 13006 Marseille",Marseille,13006,43.291893,5.383991,2025-04-10 22:30:00+02:00,2025-04-11 01:30:00+02:00
RÉSIDENCE APPLAUSE: Rebequita,♫♫♫,Les Réformés,125 LA CANEBIÈRE 13001 Marseille,Marseille,13001,43.298532,5.382909,2025-04-10 23:00:00+02:00,2025-04-11 02:00:00+02:00
Groove Or Nothing : Mika Sardou + Vassalo,♫CLUBBING♫,Baby Club,"2 rue André Poggioli, 13006 Marseille",Marseille,13006,43.293548,5.385247,2025-04-10 23:55:00+02:00,2025-04-11 06:00:00+02:00
Madame Loyal,♫♫♫,parc chanot,Rond point du Prado 13008 Marseille,Marseille,13008,43.272517,5.391509,2025-04-11 19:00:00+02:00,2025-04-12 05:00:00+02:00
MILONGA UNDERGROUND À LA SOCIALE + POWER TANGO TRIO,♫♫♫,Casa Consolat,"1 rue consolat, 13001 Marseille",Marseille,13001,43.299627,5.386099,2025-04-11 19:00:00+02:00,2025-04-11 23:00:00+02:00
FLATMATES 205 / LE CAROGNE / DIRTEEZ,♫♫♫,Leda Atomica Musique,"63 Rue St Pierre, 13005 Marseille",Marseille,13005,43.293167,5.389719,2025-04-11 19:00:00+02:00,2025-04-11 22:30:00+02:00
Basilic Swing,♫JAZZ MANOUCHE♫,Club 27,"27, rue d'Anvers13004 Marseille",Marseille,13004,43.303056,5.395165,2025-04-11 19:00:00+02:00,2025-04-11 22:00:00+02:00
Mehtoze,♫DJ SET AFTER WORK♫,Boisson soiffe,8 rue Lafayette 13301 Marseille,Marseille,13001,43.300122,5.381681,2025-04-11 19:00:00+02:00,2025-04-11 21:00:00+02:00
Anniversaire Radio Chourmo avec Le Massilia Reggae Club,♫♫♫,La Maison Hantée,"10 rue Vian, 13006 Marseille",Marseille,13006,43.294517,5.383679,2025-04-11 19:30:00+02:00,2025-04-11 23:59:00+02:00
Blue Men's Field,♫JAZZY LOUNGE♫,Le Cloître,20 bd madeleine rémusat 13013 Marseille,Marseille,13013,43.335634,5.423801,2025-04-11 19:30:00+02:00,2025-04-11 22:00:00+02:00
SIGURD,♫OPÉRA♫,Opéra de Marseille,"2 Rue Molière, 13001 Marseille",Marseille,13001,43.293627,5.376049,2025-04-11 20:00:00+02:00,2025-04-11 23:00:00+02:00
REALO,♫RAP♫,l'affranchi,"212 bd de St Marcel, 13011 Marseille",Marseille,13011,43.286447,5.467589,2025-04-11 20:00:00+02:00,2025-04-11 23:00:00+02:00
Johnny Barrel Country Band,♫♫♫,Les 9 Salopards,"2, rue Crudère 13006 Marseille",Marseille,13000,43.294137,5.383754,2025-04-11 20:00:00+02:00,2025-04-11 23:00:00+02:00
Festival en soutien à la Dar,♫♫♫,La Dar Centre Social Autogéré,"127, rue d'Aubagne 13006 Marseille",Marseille,13006,43.293333,5.382115,2025-04-11 20:30:00+02:00,2025-04-12 00:30:00+02:00
Dealers of Swing,♫♫♫,la Caravelle,"34 quai du Port, 13002 Marseille",Marseille,13002,43.296497,5.371989,2025-04-11 20:30:00+02:00,2025-04-11 23:30:00+02:00
Don Simon,♫PIANO♫,Mundart,"70-72 rue de la Joliette, 13002 Marseille",Marseille,13002,43.303087,5.369629,2025-04-11 20:30:00+02:00,2025-04-11 23:30:00+02:00
Tessina / Glitch,♫♫♫,Espace musical Hyperion,"2 bis, avenue Maréchal Foch, 13004 Marseille",Marseille,13004,43.301667,5.397709,2025-04-11 20:30:00+02:00,2025-04-11 23:00:00+02:00
THE EXCITEMENTS,♫♫♫,Théâtre de l'Oeuvre,"1 rue Mission de France, 13001 Marseille",Marseille,13001,43.298167,5.380119,2025-04-11 20:30:00+02:00,2025-04-11 22:00:00+02:00
FOLKS FESTIVAL #2,♫♫♫,L'Embobineuse,"11 Boulevard Bouès, 13003 Marseille",Marseille,13003,43.311271,5.383129,2025-04-11 21:00:00+02:00,2025-04-12 02:00:00+02:00
Animals Industry: Hors-Serie 1.2,♫♫♫,Le Molotov,"3, place Paul Cezanne, 13006 Marseille",Marseille,13006,43.292708,5.383167,2025-04-11 21:00:00+02:00,2025-04-12 02:00:00+02:00
Mamillaria &,♫DJ SET♫,Massilia Pub,"3, rue Crudère, 13006 Marseille",Marseille,13006,43.294277,5.383839,2025-04-11 21:00:00+02:00,2025-04-12 01:30:00+02:00
Miaule Mort - Jul Giaco - Blmr - Revolver Klub,♫♫♫,L'intermediaire,"63 Place Jean Jaurès, 13006 Marseille",Marseille,13006,43.293997,5.386567,2025-04-11 21:00:00+02:00,2025-04-12 01:00:00+02:00
Mares,♫♫♫,Latté,"16, rue de l'Evêché, 13002 Marseille",Marseille,13002,43.298167,5.366009,2025-04-11 21:00:00+02:00,2025-04-11 23:30:00+02:00
Fayaz Duo,♫♫♫,Black Stone,"10 Boulevard Gustave Ganay, 13009 Marseille",Marseille,13009,43.265517,5.398888,2025-04-11 21:00:00+02:00,2025-04-11 23:30:00+02:00
Dominant Funktion,♫FUNK♫,La Voie Maltée,"7 Rue Crudère, 13006 Marseille",Marseille,13006,43.294387,5.384089,2025-04-11 21:00:00+02:00,2025-04-11 23:30:00+02:00
ANALOG DAKAR CLUB,♫♫♫,La Dame du Mont,"30-32 Place Notre Dame Du mont, 13006 Marseille",Marseille,13006,43.291527,5.384469,2025-04-11 21:30:00+02:00,2025-04-12 02:00:00+02:00
Hutte Festival Previews,♫Reggae/Dub - Deep tech - Trance Psy - Dubstep♫,Le Chapiteau,"38 Traverse Notre Dame de Bon Secours, 13003 Marseille",Marseille,13003,43.314757,5.386469,2025-04-11 22:00:00+02:00,2025-04-12 04:00:00+02:00
"SO RUFF, SO TUFF x IKSE SOUND SYSTEM",♫♫♫,ateliers Jeanne Barret,5 Bd de Sévigné 13015 Marseille,Marseille,13015,43.31987,5.369913,2025-04-11 22:30:00+02:00,2025-04-12 04:30:00+02:00
Dancehall Nation UNDER CONSTRUCTION,♫♫♫,Makeda,"103 rue Ferrari, 13005 Marseille",Marseille,13005,43.293709,5.391759,2025-04-11 22:30:00+02:00,2025-04-12 03:30:00+02:00
Betty Wesh,♫DJ SET house/danse/electro♫,La Mer Veilleuse,"18 place Notre-Dame du Mont, 13006 Marseille",Marseille,13006,43.291893,5.383991,2025-04-11 22:30:00+02:00,2025-04-12 02:30:00+02:00
Twk8bday - Twerkistan Fête Ses 8 Ans !,♫♫♫,Cabaret Aleatoire,"41 rue jobin, 13003 Marseille",Marseille,13003,43.310467,5.390088,2025-04-11 23:00:00+02:00,2025-04-12 05:00:00+02:00
Urban Culture: Thug Dance & Nasrat,♫♫♫,Vice Versa,"40 Rue des Trois Rois, 13006 Marseille",Marseille,13006,43.293819,5.384958,2025-04-11 23:00:00+02:00,2025-04-12 05:00:00+02:00
Vassalo + Jami + Likeavirgile,♫CLUBBING♫,Baby Club,"2 rue André Poggioli, 13006 Marseille",Marseille,13006,43.293548,5.385247,2025-04-11 23:55:00+02:00,2025-04-12 06:00:00+02:00
Journée des musicien.nes amateurs,♫♫♫,Conservatoire Pierre Barbizet,"2 place Carli, 13001 Marseille",Marseille,13001,43.29575,5.382833,2025-04-12 14:00:00+02:00,2025-04-12 21:00:00+02:00
Festival des harmonies du 13 #4,♫♫♫,Conservatoire de Marseille,"1 place Auguste Carli , 13001 Marseille",Marseille,13001,43.295771,5.382919,2025-04-12 16:00:00+02:00,2025-04-12 20:30:00+02:00
Festival en soutien à la Dar,♫♫♫,La Dar Centre Social Autogéré,"127, rue d'Aubagne 13006 Marseille",Marseille,13006,43.293333,5.382115,2025-04-12 18:00:00+02:00,2025-04-12 23:59:00+02:00
Beat makers meetings: Pak Djeen,♫♫♫,Kako Records,"18 Rue Roger Brun, 13006 Marseille",Marseille,13005,43.286438,5.39087,2025-04-12 18:00:00+02:00,2025-04-12 20:30:00+02:00
Madame Loyal,♫♫♫,parc chanot,Rond point du Prado 13008 Marseille,Marseille,13008,43.272517,5.391509,2025-04-12 19:00:00+02:00,2025-04-13 05:00:00+02:00
Grande soirée Ma.MA,♫♫♫,Friche belle de mai,"41 rue Jobin, 13003 Marseille",Marseille,13003,43.310467,5.390088,2025-04-12 19:00:00+02:00,2025-04-13 02:00:00+02:00
Oldskool Party,♫CLUBBING♫,La Place des Canailles (Les Dock Village),10 place de la Joliette 13002 Marseille,Marseille,13002,43.305526,5.366147,2025-04-12 19:00:00+02:00,2025-04-13 02:00:00+02:00
ApéroMix Radio Galère,♫♫♫,Friche belle de mai,"41 rue Jobin, 13003 Marseille",Marseille,13003,43.310467,5.390088,2025-04-12 19:00:00+02:00,2025-04-12 23:59:00+02:00
DJ SET OPÉRATION COUP D'POING : Vic & Zach,♫DJ SET♫,Bar de La Plaine,"57 Place Jean Jaurès, 13005 Marseille",Marseille,13005,43.293987,5.386669,2025-04-12 19:00:00+02:00,2025-04-12 23:59:00+02:00
"Course Poursuite et Pollen Session présentent Rahewl, Nathan Hégo et a. Savage",♫♫♫,La Fabulerie,"10 bd garibaldi, 13001 Marseille",Marseille,13001,43.296709,5.380989,2025-04-12 19:00:00+02:00,2025-04-12 23:00:00+02:00
LEGIONS / DECEATES,♫METAL♫,Leda Atomica Musique,"63 Rue St Pierre, 13005 Marseille",Marseille,13005,43.293167,5.389719,2025-04-12 19:00:00+02:00,2025-04-12 22:30:00+02:00
Black Ball Boogie,"♫Rock'n'Roll, Boogie Woogie♫",Club 27,"27, rue d'Anvers13004 Marseille",Marseille,13004,43.303056,5.395165,2025-04-12 19:00:00+02:00,2025-04-12 22:00:00+02:00
Jules Henriel,♫♫♫,Boisson soiffe,8 rue Lafayette 13301 Marseille,Marseille,13001,43.300122,5.381681,2025-04-12 19:00:00+02:00,2025-04-12 20:30:00+02:00
Denis BORTEK (JAD WIO),♫♫♫,Lollipop Music Store,"2 BOULEVARD THEODORE THURNER, 13006 Marseille",Marseille,13006,43.291247,5.383259,2025-04-12 19:30:00+02:00,2025-04-12 21:30:00+02:00
KEMIA PARTY RAÏ & FUNK SOUNDSYSTEM,♫♫♫,Twali,"57 Rue Bernard du Bois, 13001 Marseille",Marseille,13001,43.301672,5.376299,2025-04-12 20:00:00+02:00,2025-04-12 23:59:00+02:00
Jam Session Jazz Soul,♫♫♫,Zoumaï,"7 Cours Gouffé, 13006 Marseille",Marseille,13006,43.286337,5.386619,2025-04-12 20:00:00+02:00,2025-04-12 23:30:00+02:00
CHRISTIAN LOFFLER,♫Musique électronique♫,Espace Julien,"39 cours Julien, 13006 Marseille",Marseille,13006,43.29431,5.383435,2025-04-12 20:00:00+02:00,2025-04-12 23:00:00+02:00
MELTEM / KVÅRK / MONASTR,♫♫♫,La salle gueule,"8 rue d'italie, 13006 Marseille",Marseille,13006,43.290571,5.38162,2025-04-12 20:00:00+02:00,2025-04-12 23:00:00+02:00
Rue Oberkampf + Guest,♫♫♫,Le Molotov,"3, place Paul Cezanne, 13006 Marseille",Marseille,13006,43.292708,5.383167,2025-04-12 20:30:00+02:00,2025-04-12 23:59:00+02:00
Styleto,♫♫♫,le moulin,"47 boulevard Perrin, 13013 Marseille",Marseille,13013,43.319707,5.407249,2025-04-12 20:30:00+02:00,2025-04-12 23:00:00+02:00
VINCENT NICLO,♫♫♫,le Silo,"35 quai du Lazaret, 13002 Marseille",Marseille,13002,43.310347,5.367188,2025-04-12 20:30:00+02:00,2025-04-12 22:30:00+02:00
Tassos et Evelise invite Rémi Foucrier,♫♫♫,Ostau dau País Marselhés,"18 rue de l'Olivier, 13005 Marseille",Marseille,13005,43.294337,5.387829,2025-04-12 20:30:00+02:00,2025-04-12 22:00:00+02:00
Disquaire Day: DJ SET vinyls SPECIAL 50 ANS DE MOTORHEAD,♫♫♫,La Maison Hantée,"10 rue Vian, 13006 Marseille",Marseille,13006,43.294517,5.383679,2025-04-12 21:00:00+02:00,2025-04-13 01:30:00+02:00
FL CREW / BILL THE DOG / Klaxon,♫♫♫,L'intermediaire,"63 Place Jean Jaurès, 13006 Marseille",Marseille,13006,43.293997,5.386567,2025-04-12 21:00:00+02:00,2025-04-13 00:30:00+02:00
Puff Stuff,♫Pop Rock Coverband♫,Black Stone,"10 Boulevard Gustave Ganay, 13009 Marseille",Marseille,13009,43.265517,5.398888,2025-04-12 21:00:00+02:00,2025-04-12 23:30:00+02:00
BLUE JUNGLE ROAD,♫BLUES ROCK♫,Massilia Pub,"3, rue Crudère, 13006 Marseille",Marseille,13006,43.294277,5.383839,2025-04-12 21:00:00+02:00,2025-04-12 23:30:00+02:00
Nems-B,♫HOUSE MUSIC♫,La Dame du Mont,"30-32 Place Notre Dame Du mont, 13006 Marseille",Marseille,13006,43.291527,5.384469,2025-04-12 21:30:00+02:00,2025-04-13 02:00:00+02:00
Recanto,♫Samba & Pagode brésilien♫,Latté,"16, rue de l'Evêché, 13002 Marseille",Marseille,13002,43.298167,5.366009,2025-04-12 21:30:00+02:00,2025-04-12 23:59:00+02:00
OMERTA INVITE : B2B ALL NIGHT LONG,♫♫♫,Cabaret Aleatoire,"41 rue jobin, 13003 Marseille",Marseille,13003,43.310467,5.390088,2025-04-12 22:00:00+02:00,2025-04-13 05:00:00+02:00
"Trancendanse W/ Bonne Mine, Mydriax & More",♫Psytrance - Psytecho - Forest - Hi Tech♫,Le Chapiteau,"38 Traverse Notre Dame de Bon Secours, 13003 Marseille",Marseille,13003,43.314757,5.386469,2025-04-12 22:00:00+02:00,2025-04-13 04:00:00+02:00
13club - Rap Party All Stars,♫♫♫,Makeda,"103 rue Ferrari, 13005 Marseille",Marseille,13005,43.293709,5.391759,2025-04-12 22:30:00+02:00,2025-04-13 03:30:00+02:00
Louie Louis & Lux,♫DJ SET dub to tribe♫,La Mer Veilleuse,"18 place Notre-Dame du Mont, 13006 Marseille",Marseille,13006,43.291893,5.383991,2025-04-12 22:30:00+02:00,2025-04-13 02:30:00+02:00
Disco Mirror: House Of Cajon,♫♫♫,Vice Versa,"40 Rue des Trois Rois, 13006 Marseille",Marseille,13006,43.293819,5.384958,2025-04-12 23:00:00+02:00,2025-04-13 05:00:00+02:00
Projection + Concert Klezmer,♫♫♫,La maison du chant,"49 rue Chape, 13004 Marseille",Marseille,13004,43.300587,5.392609,2025-04-13 16:30:00+02:00,2025-04-13 20:00:00+02:00
THE SIMON & GARFUNKEL STORY,♫♫♫,le Silo,"35 quai du Lazaret, 13002 Marseille",Marseille,13002,43.310347,5.367188,2025-04-13 18:00:00+02:00,2025-04-13 20:00:00+02:00
Festival en soutien à la Dar,♫♫♫,La Dar Centre Social Autogéré,"127, rue d'Aubagne 13006 Marseille",Marseille,13006,43.293333,5.382115,2025-04-13 20:30:00+02:00,2025-04-13 23:59:00+02:00
Bœuf Stone,♫scène ouverte♫,Black Stone,"10 Boulevard Gustave Ganay, 13009 Marseille",Marseille,13009,43.265517,5.398888,2025-04-14 21:00:00+02:00,2025-04-14 23:59:00+02:00
"Modulation #10: Attentifs, ensemble - HANATSUmiroir et Elsa Biston",♫♫♫,Friche belle de mai,"41 rue Jobin, 13003 Marseille",Marseille,13003,43.310467,5.390088,2025-04-15 19:00:00+02:00,2025-04-15 20:00:00+02:00
Concert + Jam,♫♫♫,Massilia Pub,"3, rue Crudère, 13006 Marseille",Marseille,13006,43.294277,5.383839,2025-04-15 20:30:00+02:00,2025-04-15 23:30:00+02:00
MATT HOLUBOWSKI,♫♫♫,Théâtre de l'Oeuvre,"1 rue Mission de France, 13001 Marseille",Marseille,13001,43.298167,5.380119,2025-04-15 20:30:00+02:00,2025-04-15 22:30:00+02:00
Jam Jazz de l'Inter,♫♫♫,L'intermediaire,"63 Place Jean Jaurès, 13006 Marseille",Marseille,13006,43.293997,5.386567,2025-04-15 21:00:00+02:00,2025-04-15 23:59:00+02:00
Jam Jazz de l'Inter,♫♫♫,L'intermediaire,"63 Place Jean Jaurès, 13006 Marseille",Marseille,13006,43.293997,5.386567,2025-04-15 21:00:00+02:00,2025-04-15 23:59:00+02:00
Jam Jazz de l'Inter,♫♫♫,L'intermediaire,"63 Place Jean Jaurès, 13006 Marseille",Marseille,13006,43.293997,5.386567,2025-04-15 21:00:00+02:00,2025-04-15 23:59:00+02:00
Le bœuf du Red Lion,♫♫♫,Red Lion,"231 Avenue Pierre Mendès France, 13008 Marseille",Marseille,13008,43.249957,5.375488,2025-04-15 21:30:00+02:00,2025-04-15 23:59:00+02:00
Les Jardins Sonores du Talus,♫♫♫,Le TALUS,"603 Rue Saint-Pierre, 13012 Marseille",Marseille,13012,43.289991,5.426101,2025-04-16 19:00:00+02:00,2025-04-16 22:00:00+02:00
⚠️COMPLET⚠️ MEZERG,♫ELECTRO♫,Espace Julien,"39 cours Julien, 13006 Marseille",Marseille,13006,43.29431,5.383435,2025-04-16 20:00:00+02:00,2025-04-16 22:30:00+02:00
Les SURICATS,♫JAZZ♫,Hôtel C2,"48 rue Roux de Brignoles, 13006 Marseille",Marseille,13006,43.289887,5.373288,2025-04-16 20:00:00+02:00,2025-04-16 22:00:00+02:00
Roland Fontaine Duo,♫♫♫,la Caravelle,"34 quai du Port, 13002 Marseille",Marseille,13002,43.296497,5.371989,2025-04-16 20:30:00+02:00,2025-04-16 23:30:00+02:00
Sydney Valette + Guest,♫Darkwave / Synthpop / EBM♫,Le Molotov,"3, place Paul Cezanne, 13006 Marseille",Marseille,13006,43.292708,5.383167,2025-04-16 20:30:00+02:00,2025-04-16 23:30:00+02:00
TWERKISTAN: VERSUS,♫♫♫,Vice Versa,"40 Rue des Trois Rois, 13006 Marseille",Marseille,13006,43.293819,5.384958,2025-04-16 22:00:00+02:00,2025-04-17 04:00:00+02:00
MC Solaar,♫♫♫,le Silo,"35 quai du Lazaret, 13002 Marseille",Marseille,13002,43.310347,5.367188,2025-04-17 19:00:00+02:00,2025-04-17 22:00:00+02:00
BAMBOO SHOWS présente - NAOMIE KLAUS / BELZEBUTH GX / EREVAN DJ x BRAHIM LUMIERE,♫♫♫,L'Embobineuse,"11 Boulevard Bouès, 13003 Marseille",Marseille,13003,43.311271,5.383129,2025-04-17 20:00:00+02:00,2025-04-18 01:00:00+02:00
La Society - Mehdi BlackWind - Frizzy - Leila Koumiya,♫RAP HIP-HOP♫,Makeda,"103 rue Ferrari, 13005 Marseille",Marseille,13005,43.293709,5.391759,2025-04-17 20:00:00+02:00,2025-04-17 23:59:00+02:00
ORCHESTRE PHILHARMONIQUE DE MARSEILLE,♫♫♫,Opéra de Marseille,"2 Rue Molière, 13001 Marseille",Marseille,13001,43.293627,5.376049,2025-04-17 20:00:00+02:00,2025-04-17 22:00:00+02:00
JOHNNY MAFIA + LA FLEMME Release Party,♫ROCK GARAGE POP♫,L'intermediaire,"63 Place Jean Jaurès, 13006 Marseille",Marseille,13006,43.293997,5.386567,2025-04-17 20:30:00+02:00,2025-04-18 01:00:00+02:00
KPOP & KHIPHOP Night,♫CLUBBING♫,Le Molotov,"3, place Paul Cezanne, 13006 Marseille",Marseille,13006,43.292708,5.383167,2025-04-17 21:00:00+02:00,2025-04-18 02:00:00+02:00
"Les 20 ans du Train en marche, soir 1",♫♫♫,Sing or Die Karaoke,56 rue Léon Bourgeois 13001 Marseille,Marseille,13001,43.301724,5.391992,2025-04-17 21:00:00+02:00,2025-04-17 23:59:00+02:00
"Perreoland by DJ Lina présente, Calle pero Elegante",♫♫♫,La Dame du Mont,"30-32 Place Notre Dame Du mont, 13006 Marseille",Marseille,13006,43.291527,5.384469,2025-04-17 21:30:00+02:00,2025-04-18 01:30:00+02:00
La Society x Garages - Tora Meishi - M4.13 - Dj Djel,♫♫♫,Friche belle de mai,"41 rue Jobin, 13003 Marseille",Marseille,13003,43.310467,5.390088,2025-04-18 19:00:00+02:00,2025-04-18 23:00:00+02:00
DENEUVES / JULES HENRIEL / LOONS / OFF CENTER,♫♫♫,Leda Atomica Musique,"63 Rue St Pierre, 13005 Marseille",Marseille,13005,43.293167,5.389719,2025-04-18 19:00:00+02:00,2025-04-18 22:30:00+02:00
2gars & un indien,♫♫♫,Lollipop Music Store,"2 BOULEVARD THEODORE THURNER, 13006 Marseille",Marseille,13006,43.291247,5.383259,2025-04-18 19:00:00+02:00,2025-04-18 21:30:00+02:00
Koba LaD,♫RAP♫,le Dôme,"48 Avenue de Saint-Just, 13004 Marseille",Marseille,13013,43.314877,5.404349,2025-04-18 19:30:00+02:00,2025-04-18 22:30:00+02:00
THE SEGMENTS / FLATHEAD / LEOPARDO,♫♫♫,La Maison Hantée,"10 rue Vian, 13006 Marseille",Marseille,13006,43.294517,5.383679,2025-04-18 20:00:00+02:00,2025-04-18 23:59:00+02:00
"Les 20 ans du Train en marche, soir 2",♫♫♫,Casa Consolat,"1 rue consolat, 13001 Marseille",Marseille,13001,43.299627,5.386099,2025-04-18 20:00:00+02:00,2025-04-18 23:30:00+02:00
LE BIRRETTE,♫♫♫,Le Molotov,"3, place Paul Cezanne, 13006 Marseille",Marseille,13006,43.292708,5.383167,2025-04-18 20:30:00+02:00,2025-04-18 23:59:00+02:00
Volkan Reggae Roots,♫REGGAE♫,191 Manhattan,191 boulevard de la Valbarelle 13011 Marseille,Marseille,13011,43.288558,5.452536,2025-04-18 20:30:00+02:00,2025-04-18 23:59:00+02:00
Sigma.555 et Soum-Soum,♫ELECTRO♫,Espace musical Hyperion,"2 bis, avenue Maréchal Foch, 13004 Marseille",Marseille,13004,43.301667,5.397709,2025-04-18 20:30:00+02:00,2025-04-18 23:00:00+02:00
Thomas Leleu,♫♫♫,le Silo,"35 quai du Lazaret, 13002 Marseille",Marseille,13002,43.310347,5.367188,2025-04-18 20:30:00+02:00,2025-04-18 22:30:00+02:00
Perreoland By Dj Lina,♫♫♫,ABSOLEM,"40 Bd Jacques Saadé, 13002 Marseille",Marseille,13002,43.310549,5.367225,2025-04-18 21:00:00+02:00,2025-04-19 02:00:00+02:00
Alert O Jazz,"♫Manouche, swing & bossa-nova♫",la Caravelle,"34 quai du Port, 13002 Marseille",Marseille,13002,43.296497,5.371989,2025-04-18 21:00:00+02:00,2025-04-18 23:59:00+02:00
Monk's Mood,♫Jazz & espiègleries♫,Latté,"16, rue de l'Evêché, 13002 Marseille",Marseille,13002,43.298167,5.366009,2025-04-18 21:00:00+02:00,2025-04-18 23:30:00+02:00
Eve Dahan,♫ELECTRO♫,La Dame du Mont,"30-32 Place Notre Dame Du mont, 13006 Marseille",Marseille,13006,43.291527,5.384469,2025-04-18 21:30:00+02:00,2025-04-19 02:30:00+02:00
Groovence & Friends W/ Margee B2b Khalk B2b Moonee,♫HOUSE / ELECTRO / GROOVE MUSIC / TECHNO / BREAKS / EXPERIMENTAL♫,Le Chapiteau,"38 Traverse Notre Dame de Bon Secours, 13003 Marseille",Marseille,13003,43.314757,5.386469,2025-04-18 22:00:00+02:00,2025-04-19 04:00:00+02:00
PQMV HOUSE CLUB #2,♫ELECTRO♫,Cabaret Aleatoire,"41 rue jobin, 13003 Marseille",Marseille,13003,43.310467,5.390088,2025-04-18 23:00:00+02:00,2025-04-19 05:00:00+02:00
SAY MY NAME,♫♫♫,Makeda,"103 rue Ferrari, 13005 Marseille",Marseille,13005,43.293709,5.391759,2025-04-18 23:00:00+02:00,2025-04-19 03:30:00+02:00
Groove Or Nothing : Darius Syrossian + Vassalo & Friends,♫CLUBBING♫,Baby Club,"2 rue André Poggioli, 13006 Marseille",Marseille,13006,43.293548,5.385247,2025-04-18 23:55:00+02:00,2025-04-19 06:00:00+02:00
"La Society: ""In The Mix""",♫♫♫,Friche belle de mai,"41 rue Jobin, 13003 Marseille",Marseille,13003,43.310467,5.390088,2025-04-19 15:00:00+02:00,2025-04-19 19:30:00+02:00
La Society - TASSAOUEF,♫CRÉATION MUSIQUE ET DANSE♫,Friche belle de mai,"41 rue Jobin, 13003 Marseille",Marseille,13003,43.310467,5.390088,2025-04-19 18:00:00+02:00,2025-04-19 19:00:00+02:00
Coachella Party,♫CLUBBING♫,La Place des Canailles (Les Dock Village),10 place de la Joliette 13002 Marseille,Marseille,13002,43.305526,5.366147,2025-04-19 19:00:00+02:00,2025-04-20 02:00:00+02:00
ASHEN HEART / HARP,♫Death Metal Mélodique♫,Leda Atomica Musique,"63 Rue St Pierre, 13005 Marseille",Marseille,13005,43.293167,5.389719,2025-04-19 19:00:00+02:00,2025-04-19 22:30:00+02:00
"La Society - Awa Isoa, Vanda Forte, Mowgly, Pan-J",♫HIP-HOP♫,Friche belle de mai,"41 rue Jobin, 13003 Marseille",Marseille,13003,43.310467,5.390088,2025-04-19 20:00:00+02:00,2025-04-20 02:00:00+02:00
HEIMAT,♫Experimental Post Wave♫,Le Molotov,"3, place Paul Cezanne, 13006 Marseille",Marseille,13006,43.292708,5.383167,2025-04-19 20:30:00+02:00,2025-04-19 23:59:00+02:00
RUSTY NAILS / PHANTOM ASS,♫Hardcore thrash punk♫,L'intermediaire,"63 Place Jean Jaurès, 13006 Marseille",Marseille,13006,43.293997,5.386567,2025-04-19 20:30:00+02:00,2025-04-19 23:59:00+02:00
Franglish,♫♫♫,le Dôme,"48 Avenue de Saint-Just, 13004 Marseille",Marseille,13013,43.314877,5.404349,2025-04-19 20:30:00+02:00,2025-04-19 22:30:00+02:00
Didier Super Et Son Groupe Discount,♫♫♫,Makeda,"103 rue Ferrari, 13005 Marseille",Marseille,13005,43.293709,5.391759,2025-04-19 20:30:00+02:00,2025-04-19 22:30:00+02:00
"Les 20 ans du Train en marche, soir 3",♫♫♫,L'Embobineuse,"11 Boulevard Bouès, 13003 Marseille",Marseille,13003,43.311271,5.383129,2025-04-19 21:00:00+02:00,2025-04-20 01:00:00+02:00
HI.Lo Mindtrip Records,♫ELECTRO♫,La Dame du Mont,"30-32 Place Notre Dame Du mont, 13006 Marseille",Marseille,13006,43.291527,5.384469,2025-04-19 21:30:00+02:00,2025-04-20 02:30:00+02:00
BEGUE FALL,♫AFRO REGGAE WORLD♫,Latté,"16, rue de l'Evêché, 13002 Marseille",Marseille,13002,43.298167,5.366009,2025-04-19 21:30:00+02:00,2025-04-19 23:59:00+02:00
"Hit Machine Rave W/ 8fck, 2bonmat1, Postive Energy & Dora",♫CLUBBING♫,Le Chapiteau,"38 Traverse Notre Dame de Bon Secours, 13003 Marseille",Marseille,13003,43.314757,5.386469,2025-04-19 22:00:00+02:00,2025-04-20 04:00:00+02:00
Teksec W/ Enfan,♫♫♫,Cabaret Aleatoire,"41 rue jobin, 13003 Marseille",Marseille,13003,43.310467,5.390088,2025-04-19 23:00:00+02:00,2025-04-20 05:00:00+02:00
Nostalgie Génération 80,♫CLUBBING♫,Makeda,"103 rue Ferrari, 13005 Marseille",Marseille,13005,43.293709,5.391759,2025-04-19 23:00:00+02:00,2025-04-20 04:30:00+02:00
Ouidad,♫POP♫,Makeda,"103 rue Ferrari, 13005 Marseille",Marseille,13005,43.293709,5.391759,2025-04-20 20:00:00+02:00,2025-04-20 22:30:00+02:00
Acoustic boom boom: Bass tong + Tuspareik,♫♫♫,L'intermediaire,"63 Place Jean Jaurès, 13006 Marseille",Marseille,13006,43.293997,5.386567,2025-04-20 21:00:00+02:00,2025-04-20 23:59:00+02:00
Bœuf Stone,♫scène ouverte♫,Black Stone,"10 Boulevard Gustave Ganay, 13009 Marseille",Marseille,13009,43.265517,5.398888,2025-04-21 21:00:00+02:00,2025-04-21 23:59:00+02:00
Boum Party: 90'20 Soap,♫♫♫,La Voie Maltée,"7 Rue Crudère, 13006 Marseille",Marseille,13006,43.294387,5.384089,2025-04-21 21:00:00+02:00,2025-04-21 23:00:00+02:00
SUIF / LOINS,♫♫♫,Leda Atomica Musique,"63 Rue St Pierre, 13005 Marseille",Marseille,13005,43.293167,5.389719,2025-04-22 19:00:00+02:00,2025-04-22 22:30:00+02:00
Concert + Jam,♫♫♫,Massilia Pub,"3, rue Crudère, 13006 Marseille",Marseille,13006,43.294277,5.383839,2025-04-22 20:30:00+02:00,2025-04-22 23:30:00+02:00
Jam Jazz de l'Inter,♫♫♫,L'intermediaire,"63 Place Jean Jaurès, 13006 Marseille",Marseille,13006,43.293997,5.386567,2025-04-22 21:00:00+02:00,2025-04-22 23:59:00+02:00
Le bœuf du Red Lion,♫♫♫,Red Lion,"231 Avenue Pierre Mendès France, 13008 Marseille",Marseille,13008,43.249957,5.375488,2025-04-22 21:30:00+02:00,2025-04-22 23:59:00+02:00
Dramachine / Larsovitch / Harrison Fueg,♫♫♫,Leda Atomica Musique,"63 Rue St Pierre, 13005 Marseille",Marseille,13005,43.293167,5.389719,2025-04-23 19:00:00+02:00,2025-04-23 23:00:00+02:00
Les Jardins Sonores du Talus,♫♫♫,Le TALUS,"603 Rue Saint-Pierre, 13012 Marseille",Marseille,13012,43.289991,5.426101,2025-04-23 19:00:00+02:00,2025-04-23 22:00:00+02:00
A. Savage / Tessina,♫♫♫,Club 27,"27, rue d'Anvers13004 Marseille",Marseille,13004,43.303056,5.395165,2025-04-23 19:30:00+02:00,2025-04-23 22:00:00+02:00
Swift Guad / Dibson / Zicler / Saytam / SKBZ,♫RAP♫,Makeda,"103 rue Ferrari, 13005 Marseille",Marseille,13005,43.293709,5.391759,2025-04-23 20:00:00+02:00,2025-04-23 23:59:00+02:00
FINALE TREMPLIN ORIZON SUD,♫♫♫,Espace Julien,"39 cours Julien, 13006 Marseille",Marseille,13006,43.29431,5.383435,2025-04-23 20:00:00+02:00,2025-04-23 23:59:00+02:00
EASTWOOD SYMPHONIC,♫♫♫,Opéra de Marseille,"2 Rue Molière, 13001 Marseille",Marseille,13001,43.293627,5.376049,2025-04-23 20:00:00+02:00,2025-04-23 22:00:00+02:00
Jean DIONISI Jazz Band,♫JAZZ♫,Hôtel C2,"48 rue Roux de Brignoles, 13006 Marseille",Marseille,13006,43.289887,5.373288,2025-04-23 20:00:00+02:00,2025-04-23 22:00:00+02:00
Julien Brunetaud et Patrick Ferné,♫Boogie Jazz and Swing New Orleans♫,la Caravelle,"34 quai du Port, 13002 Marseille",Marseille,13002,43.296497,5.371989,2025-04-23 20:30:00+02:00,2025-04-23 23:00:00+02:00
TWERKISTAN: VERSUS,♫♫♫,Vice Versa,"40 Rue des Trois Rois, 13006 Marseille",Marseille,13006,43.293819,5.384958,2025-04-23 22:00:00+02:00,2025-04-24 04:00:00+02:00
ELECTRIC RASTRELLO / FRANCKY LA NIGHT,♫♫♫,Leda Atomica Musique,"63 Rue St Pierre, 13005 Marseille",Marseille,13005,43.293167,5.389719,2025-04-24 19:00:00+02:00,2025-04-24 22:00:00+02:00
A. SAVAGE (solo) + TESSINA (solo),♫♫♫,Club 27,"27, rue d'Anvers13004 Marseille",Marseille,13004,43.303056,5.395165,2025-04-24 19:30:00+02:00,2025-04-24 22:30:00+02:00
Black Glasses,♫ROCK COVERBAND♫,O'Warm,3 cours gouffé 13006 Marseille,Marseille,13006,43.286329,5.386347,2025-04-24 19:30:00+02:00,2025-04-24 22:00:00+02:00
DÎNER JAZZ&WINE STORIES: Cathy HEITING,♫♫♫,Le Cloître,20 bd madeleine rémusat 13013 Marseille,Marseille,13013,43.335634,5.423801,2025-04-24 19:30:00+02:00,2025-04-24 21:30:00+02:00
Veronica Charnley,♫♫♫,Le Non-Lieu,"67 rue de La Palud, 13006 Marseille",Marseille,13006,43.292627,5.380519,2025-04-24 19:30:00+02:00,2025-04-24 21:30:00+02:00
Cabaraï Edition DEY DEY,♫DJ SET♫,Makeda,"103 rue Ferrari, 13005 Marseille",Marseille,13005,43.293709,5.391759,2025-04-24 20:30:00+02:00,2025-04-25 01:30:00+02:00
Jonn Toad & JTSS / ZEK / GARCES KELLY,♫♫♫,La Maison Hantée,"10 rue Vian, 13006 Marseille",Marseille,13006,43.294517,5.383679,2025-04-24 21:00:00+02:00,2025-04-24 23:59:00+02:00
"Perreoland by DJ Lina présente, Calle pero Elegante",♫♫♫,La Dame du Mont,"30-32 Place Notre Dame Du mont, 13006 Marseille",Marseille,13006,43.291527,5.384469,2025-04-24 21:30:00+02:00,2025-04-25 01:30:00+02:00
TRIO KITHARA,♫♫♫,Cité de la musique,4 rue Bernard du Bois 13001 Marseille,Marseille,13232,43.301517,5.375629,2025-04-25 19:00:00+02:00,2025-04-25 21:00:00+02:00
Fonky Festival De Mars #2,♫ELECTRO♫,Cabaret Aleatoire,"41 rue jobin, 13003 Marseille",Marseille,13003,43.310467,5.390088,2025-04-25 20:00:00+02:00,2025-04-26 01:00:00+02:00
BRANCO MEDS / COLD BLOSSOM,♫♫♫,Leda Atomica Musique,"63 Rue St Pierre, 13005 Marseille",Marseille,13005,43.293167,5.389719,2025-04-25 20:00:00+02:00,2025-04-25 22:30:00+02:00
THOMAS DUTRONC,♫♫♫,le Silo,"35 quai du Lazaret, 13002 Marseille",Marseille,13002,43.310347,5.367188,2025-04-25 20:00:00+02:00,2025-04-25 22:00:00+02:00
the little BAND theory,♫♫♫,la Caravelle,"34 quai du Port, 13002 Marseille",Marseille,13002,43.296497,5.371989,2025-04-25 20:30:00+02:00,2025-04-25 23:30:00+02:00
"Festival ""La nuit des griots"": HABIB KOITÉ & BAMADA + CRAZYKWANI",♫♫♫,Espace Julien,"39 cours Julien, 13006 Marseille",Marseille,13006,43.29431,5.383435,2025-04-25 20:30:00+02:00,2025-04-25 23:30:00+02:00
Salsa Jazz Quartet,♫♫♫,Le Non-Lieu,"67 rue de La Palud, 13006 Marseille",Marseille,13006,43.292627,5.380519,2025-04-25 20:30:00+02:00,2025-04-25 22:30:00+02:00
Little Dub Session # 5,♫♫♫,Le Molotov,"3, place Paul Cezanne, 13006 Marseille",Marseille,13006,43.292708,5.383167,2025-04-25 21:00:00+02:00,2025-04-26 02:00:00+02:00
Elise Vassallucci release partie,♫♫♫,La caverne Jazz,20 bd Fifi Turin 13010 Marseille,Marseille,13010,43.27961,5.412388,2025-04-25 21:00:00+02:00,2025-04-25 23:59:00+02:00
Swing du sud invite Florence Verdi,♫JAZZ MANOUCHE♫,Latté,"16, rue de l'Evêché, 13002 Marseille",Marseille,13002,43.298167,5.366009,2025-04-25 21:00:00+02:00,2025-04-25 23:30:00+02:00
UNE BULLE HORS DU TEMPS,♫♫♫,Cité de la musique,4 rue Bernard du Bois 13001 Marseille,Marseille,13232,43.301517,5.375629,2025-04-26 16:30:00+02:00,2025-04-26 18:00:00+02:00
CONCERT DU CHŒUR,♫♫♫,Opéra de Marseille (Foyer Ernest Reyer),"2 Rue Molière, 13001 Marseille",Marseille,13001,43.293348,5.37588,2025-04-26 17:00:00+02:00,2025-04-26 18:30:00+02:00
Double Oai à La Plaine: Oai Reggae Party,♫REGGAE♫,Galette Records,"70, Rue des trois frères Barthélemy 13006 Marseille",Marseille,13000,43.293544,5.387135,2025-04-26 18:00:00+02:00,2025-04-26 23:59:00+02:00
DAGERMAN / INDIKATOR B / PROTO / WETWALLS,♫hardcore♫,La salle gueule,"8 rue d'italie, 13006 Marseille",Marseille,13006,43.290571,5.38162,2025-04-26 19:00:00+02:00,2025-04-26 23:59:00+02:00
LA CASA FANTOM / TORPEDO / RAN,♫♫♫,Leda Atomica Musique,"63 Rue St Pierre, 13005 Marseille",Marseille,13005,43.293167,5.389719,2025-04-26 19:00:00+02:00,2025-04-26 22:00:00+02:00
Alexis TCHOLAKIAN invite Gilles GRIVOLLA,♫JAZZ♫,Roll'Studio,17 rue des Muettes 13002 Marseille,Marseille,13002,43.298857,5.368159,2025-04-26 19:30:00+02:00,2025-04-26 21:30:00+02:00
Fonky Festival De Mars #2,♫ELECTRO♫,Cabaret Aleatoire,"41 rue jobin, 13003 Marseille",Marseille,13003,43.310467,5.390088,2025-04-26 20:00:00+02:00,2025-04-27 01:00:00+02:00
Big Band du CNRS,♫SALSA♫,Maloca,"47, rue Fortuné Jourdan13003 Marseille",Marseille,13003,43.311096,5.386204,2025-04-26 20:00:00+02:00,2025-04-26 22:30:00+02:00
Festival La nuit des Griots: Afel Bocoum,♫♫♫,Makeda,"103 rue Ferrari, 13005 Marseille",Marseille,13005,43.293709,5.391759,2025-04-26 20:00:00+02:00,2025-04-26 22:30:00+02:00
SWALLOW THE SUN + Guest,♫♫♫,Le Molotov,"3, place Paul Cezanne, 13006 Marseille",Marseille,13006,43.292708,5.383167,2025-04-26 20:30:00+02:00,2025-04-26 23:59:00+02:00
Almost,♫ROCK COVERBAND♫,La Maison Hantée,"10 rue Vian, 13006 Marseille",Marseille,13006,43.294517,5.383679,2025-04-26 20:30:00+02:00,2025-04-26 23:30:00+02:00
"SORE: VINCENT BEER-DEMANDER, SALVATORE DELLA VECHIA, NOV MANDOLINE & MÉLIS QUINTET",♫♫♫,Théâtre de l'Oeuvre,"1 rue Mission de France, 13001 Marseille",Marseille,13001,43.298167,5.380119,2025-04-26 20:30:00+02:00,2025-04-26 22:30:00+02:00
Volya Release Party + Sable Sorcière + Catalogue,♫♫♫,L'intermediaire,"63 Place Jean Jaurès, 13006 Marseille",Marseille,13006,43.293997,5.386567,2025-04-26 21:00:00+02:00,2025-04-27 00:30:00+02:00
Ledeunff,♫♫♫,La Voie Maltée,"7 Rue Crudère, 13006 Marseille",Marseille,13006,43.294387,5.384089,2025-04-26 21:00:00+02:00,2025-04-26 23:59:00+02:00
Charly Ren 5tet,♫Cumbia & salsa♫,Latté,"16, rue de l'Evêché, 13002 Marseille",Marseille,13002,43.298167,5.366009,2025-04-26 21:30:00+02:00,2025-04-26 23:59:00+02:00
Soul Train,♫♫♫,Makeda,"103 rue Ferrari, 13005 Marseille",Marseille,13005,43.293709,5.391759,2025-04-26 23:00:00+02:00,2025-04-27 04:00:00+02:00
Mfumbili #4,♫♫♫,Douceur Piquante,"17, rue de l'évêché, 13002 Marseille",Marseille,13002,43.298267,5.365839,2025-04-27 12:00:00+02:00,2025-04-27 17:00:00+02:00
PicSounds,♫♫♫,PIC (Pôle Instrumental Contemporain),36 montée Antoine Castejon 13016 MARSEILLE,Marseille,13016,43.363797,5.306869,2025-04-27 14:30:00+02:00,2025-04-27 18:30:00+02:00
Up Town Music Band #19,♫♫♫,Le Molotov,"3, place Paul Cezanne, 13006 Marseille",Marseille,13006,43.292708,5.383167,2025-04-27 18:30:00+02:00,2025-04-27 20:30:00+02:00
Bœuf Stone,♫scène ouverte♫,Black Stone,"10 Boulevard Gustave Ganay, 13009 Marseille",Marseille,13009,43.265517,5.398888,2025-04-28 21:00:00+02:00,2025-04-28 23:59:00+02:00
JAZZ’N CITÉ,♫♫♫,Cité de la musique,4 rue Bernard du Bois 13001 Marseille,Marseille,13232,43.301517,5.375629,2025-04-28 21:00:00+02:00,2025-04-28 23:00:00+02:00
PIERRE GARNIER,♫♫♫,le Dôme,"48 Avenue de Saint-Just, 13004 Marseille",Marseille,13013,43.314877,5.404349,2025-04-29 20:00:00+02:00,2025-04-29 23:00:00+02:00
"AMOUREUSE BALADE DE FRED MUHL VALENTIN | VINCENT SCOTTO, LE MARSEILLAIS AUX 4000 CHANSONS",♫♫♫,Théâtre de l'Oeuvre,"1 rue Mission de France, 13001 Marseille",Marseille,13001,43.298167,5.380119,2025-04-29 20:00:00+02:00,2025-04-29 23:00:00+02:00
LORDS OF THE SOUND,♫♫♫,le Silo,"35 quai du Lazaret, 13002 Marseille",Marseille,13002,43.310347,5.367188,2025-04-29 20:00:00+02:00,2025-04-29 22:30:00+02:00
Concert + Jam,♫♫♫,Massilia Pub,"3, rue Crudère, 13006 Marseille",Marseille,13006,43.294277,5.383839,2025-04-29 20:30:00+02:00,2025-04-29 23:30:00+02:00
Jam Jazz de l'Inter,♫♫♫,L'intermediaire,"63 Place Jean Jaurès, 13006 Marseille",Marseille,13006,43.293997,5.386567,2025-04-29 21:00:00+02:00,2025-04-29 23:59:00+02:00
Le bœuf du Red Lion,♫♫♫,Red Lion,"231 Avenue Pierre Mendès France, 13008 Marseille",Marseille,13008,43.249957,5.375488,2025-04-29 21:30:00+02:00,2025-04-29 23:59:00+02:00
Les Jardins Sonores du Talus,♫♫♫,Le TALUS,"603 Rue Saint-Pierre, 13012 Marseille",Marseille,13012,43.289991,5.426101,2025-04-30 19:00:00+02:00,2025-04-30 22:00:00+02:00
OLD SHEP,♫FOLK♫,Lollipop Music Store,"2 BOULEVARD THEODORE THURNER, 13006 Marseille",Marseille,13006,43.291247,5.383259,2025-04-30 19:00:00+02:00,2025-04-30 21:30:00+02:00
Leo Svr + Jeune Lc,♫♫♫,Makeda,"103 rue Ferrari, 13005 Marseille",Marseille,13005,43.293709,5.391759,2025-04-30 20:00:00+02:00,2025-04-30 23:00:00+02:00
ELECTRO SYMPHONY,♫♫♫,le Silo,"35 quai du Lazaret, 13002 Marseille",Marseille,13002,43.310347,5.367188,2025-04-30 20:00:00+02:00,2025-04-30 22:00:00+02:00
Duo Julien BRUNETAUD & Malo MAZURIÉ,♫JAZZ♫,Hôtel C2,"48 rue Roux de Brignoles, 13006 Marseille",Marseille,13006,43.289887,5.373288,2025-04-30 20:00:00+02:00,2025-04-30 22:00:00+02:00
Kantatrix,♫♫♫,la Caravelle,"34 quai du Port, 13002 Marseille",Marseille,13002,43.296497,5.371989,2025-04-30 20:30:00+02:00,2025-04-30 23:30:00+02:00
STRANDED HORSE ET BOUBACAR CISSOKHO,♫♫♫,Théâtre de l'Oeuvre,"1 rue Mission de France, 13001 Marseille",Marseille,13001,43.298167,5.380119,2025-04-30 20:30:00+02:00,2025-04-30 22:30:00+02:00
"Devilish 3.0 : Eden Seven, Mila Dietrich, Louisa Sonn, Lux",♫♫♫,Le Molotov,"3, place Paul Cezanne, 13006 Marseille",Marseille,13006,43.292708,5.383167,2025-04-30 21:00:00+02:00,2025-05-01 02:00:00+02:00
The JJ Cale's,♫♫♫,La Maison Hantée,"10 rue Vian, 13006 Marseille",Marseille,13006,43.294517,5.383679,2025-04-30 21:00:00+02:00,2025-04-30 23:00:00+02:00
TWERKISTAN: VERSUS,♫♫♫,Vice Versa,"40 Rue des Trois Rois, 13006 Marseille",Marseille,13006,43.293819,5.384958,2025-04-30 22:00:00+02:00,2025-05-01 04:00:00+02:00
Les Jardins de la Citadelle: Robbie Doherty,♫♫♫,La citadelle de Marseille,"1 Bd Charles Livon, 13007 Marseille",Marseille,13007,43.291973,5.358193,2025-05-02 18:00:00+02:00,2025-05-02 23:30:00+02:00
Festival Propagations: “Musique-Fiction 1 — En voiture !”,♫♫♫,Friche belle de mai,"41 rue Jobin, 13003 Marseille",Marseille,13003,43.310467,5.390088,2025-05-02 18:30:00+02:00,
SAMMY DECOSTER ET DIGITALE SAUVAGE,♫FOLK ROCK♫,La Mesón,52 rue Consolat 13001 Marseille,Marseille,13381,43.300197,5.387889,2025-05-02 19:00:00+02:00,2025-05-02 22:00:00+02:00
Festival Propagations: “Musique-Fiction 2 — Sur la trace de Nives”,♫♫♫,Friche belle de mai,"41 rue Jobin, 13003 Marseille",Marseille,13003,43.310467,5.390088,2025-05-02 19:30:00+02:00,2025-05-02 20:30:00+02:00
Festival Propagations: “Compositions sonores pour cinéma expérimental”,♫♫♫,Friche belle de mai,"41 rue Jobin, 13003 Marseille",Marseille,13003,43.310467,5.390088,2025-05-02 20:00:00+02:00,2025-05-02 21:30:00+02:00
Dool + TARABAN,♫METAL♫,Le Molotov,"3, place Paul Cezanne, 13006 Marseille",Marseille,13006,43.292708,5.383167,2025-05-02 20:30:00+02:00,2025-05-02 23:59:00+02:00
Septaria / Azelma,♫METAL♫,Espace musical Hyperion,"2 bis, avenue Maréchal Foch, 13004 Marseille",Marseille,13004,43.301667,5.397709,2025-05-02 20:30:00+02:00,2025-05-02 23:30:00+02:00
ANTOINE BERLAND – Ouate Watt,♫♫♫,Cité de la musique,4 rue Bernard du Bois 13001 Marseille,Marseille,13232,43.301517,5.375629,2025-05-02 20:30:00+02:00,2025-05-02 22:30:00+02:00
BRIGHT SHOP / DARKO'S AUFHEBUNG,♫♫♫,L'intermediaire,"63 Place Jean Jaurès, 13006 Marseille",Marseille,13006,43.293997,5.386567,2025-05-02 21:00:00+02:00,2025-05-02 23:59:00+02:00
Les Boucaniers du Swing,♫♫♫,la Caravelle,"34 quai du Port, 13002 Marseille",Marseille,13002,43.296497,5.371989,2025-05-02 21:00:00+02:00,2025-05-02 23:59:00+02:00
"Club Cabaret X Level Up : Psynomina, Dayana, Idawa & More",♫CLUBBING♫,Cabaret Aleatoire,"41 rue jobin, 13003 Marseille",Marseille,13003,43.310467,5.390088,2025-05-02 23:00:00+02:00,2025-05-03 05:00:00+02:00
Festival Propagations: “Musique-Fiction 3 — Naissance d’un pont”,♫♫♫,Friche belle de mai,"41 rue Jobin, 13003 Marseille",Marseille,13003,43.310467,5.390088,2025-05-03 16:00:00+02:00,2025-05-03 18:00:00+02:00
LANES / JAMIE & STELLA,♫♫♫,Leda Atomica Musique,"63 Rue St Pierre, 13005 Marseille",Marseille,13005,43.293167,5.389719,2025-05-03 19:00:00+02:00,2025-05-03 22:00:00+02:00
WHITE FEET,♫BLUES♫,Roll'Studio,17 rue des Muettes 13002 Marseille,Marseille,13002,43.298857,5.368159,2025-05-03 19:30:00+02:00,2025-05-03 21:30:00+02:00
PUPPETMASTAZ + Guest,♫RAP HIP-HOP♫,Espace Julien,"39 cours Julien, 13006 Marseille",Marseille,13006,43.29431,5.383435,2025-05-03 20:00:00+02:00,2025-05-03 23:30:00+02:00
Festival Propagations: “Espèces d’espaces”,♫♫♫,Théâtre La Criée,"30 quai de Rive Neuve, 13007 Marseille",Marseille,13007,43.292567,5.368139,2025-05-03 20:00:00+02:00,2025-05-03 21:30:00+02:00
La BOUM du Samedi,♫CLUBBING♫,Makeda,"103 rue Ferrari, 13005 Marseille",Marseille,13005,43.293709,5.391759,2025-05-03 23:00:00+02:00,2025-05-04 03:30:00+02:00
Festival Propagations: “Émergence”,♫♫♫,Le Couvent,"52 Rue Levat, 13003 Marseille",Marseille,13003,43.310287,5.387119,2025-05-04 14:00:00+02:00,2025-05-04 18:00:00+02:00
Räum + Corpus Diavolis + Woest,♫BLACK METAL♫,Le Molotov,"3, place Paul Cezanne, 13006 Marseille",Marseille,13006,43.292708,5.383167,2025-05-05 20:00:00+02:00,2025-05-06 00:30:00+02:00
Bœuf Stone,♫scène ouverte♫,Black Stone,"10 Boulevard Gustave Ganay, 13009 Marseille",Marseille,13009,43.265517,5.398888,2025-05-05 21:00:00+02:00,2025-05-05 23:59:00+02:00
Concert + Jam,♫♫♫,Massilia Pub,"3, rue Crudère, 13006 Marseille",Marseille,13006,43.294277,5.383839,2025-05-06 20:30:00+02:00,2025-05-06 23:30:00+02:00
Jam Jazz de l'Inter,♫♫♫,L'intermediaire,"63 Place Jean Jaurès, 13006 Marseille",Marseille,13006,43.293997,5.386567,2025-05-06 21:00:00+02:00,2025-05-06 23:59:00+02:00
Le bœuf du Red Lion,♫♫♫,Red Lion,"231 Avenue Pierre Mendès France, 13008 Marseille",Marseille,13008,43.249957,5.375488,2025-05-06 21:30:00+02:00,2025-05-06 23:59:00+02:00
Les Jardins Sonores du Talus,♫♫♫,Le TALUS,"603 Rue Saint-Pierre, 13012 Marseille",Marseille,13012,43.289991,5.426101,2025-05-07 19:00:00+02:00,2025-05-07 22:00:00+02:00
Pierre Luciani,♫♫♫,Lollipop Music Store,"2 BOULEVARD THEODORE THURNER, 13006 Marseille",Marseille,13006,43.291247,5.383259,2025-05-07 19:00:00+02:00,2025-05-07 21:30:00+02:00
Carte Blanche À House Of Belles Plantes,♫♫♫,Makeda,"103 rue Ferrari, 13005 Marseille",Marseille,13005,43.293709,5.391759,2025-05-07 20:00:00+02:00,2025-05-07 23:00:00+02:00
ORCHESTRE PHILHARMONIQUE DE MARSEILLE,♫♫♫,l'odéon,"162 La Canebière, 13001 Marseille",Marseille,13001,43.298077,5.384709,2025-05-07 20:00:00+02:00,2025-05-07 22:00:00+02:00
L’EJ C’EST LE S x FESTIVAL LOCAL WARMING,♫♫♫,Café Julien,"39 Cr Julien, 13006 Marseille",Marseille,13006,43.295984,5.381716,2025-05-07 20:30:00+02:00,2025-05-08 00:30:00+02:00
Lucie Royer Trio,♫♫♫,la Caravelle,"34 quai du Port, 13002 Marseille",Marseille,13002,43.296497,5.371989,2025-05-07 20:30:00+02:00,2025-05-07 23:30:00+02:00
TWERKISTAN: VERSUS,♫♫♫,Vice Versa,"40 Rue des Trois Rois, 13006 Marseille",Marseille,13006,43.293819,5.384958,2025-05-07 22:00:00+02:00,2025-05-08 04:00:00+02:00
FRENCH CONNECTION #3,♫♫♫,La Maison Hantée,"10 rue Vian, 13006 Marseille",Marseille,13006,43.294517,5.383679,2025-05-09 19:00:00+02:00,2025-05-09 23:59:00+02:00
Stoned Watchers (release party) / Silicium / Comète,♫♫♫,Le Molotov,"3, place Paul Cezanne, 13006 Marseille",Marseille,13006,43.292708,5.383167,2025-05-09 20:00:00+02:00,2025-05-10 00:30:00+02:00
Oai Star + Cheap Oai - Release Party,♫♫♫,Makeda,"103 rue Ferrari, 13005 Marseille",Marseille,13005,43.293709,5.391759,2025-05-09 20:00:00+02:00,2025-05-09 23:30:00+02:00
AMENRA,♫♫♫,Espace Julien,"39 cours Julien, 13006 Marseille",Marseille,13006,43.29431,5.383435,2025-05-09 20:00:00+02:00,2025-05-09 23:00:00+02:00
MARELL,♫INDIE ROCK♫,Leda Atomica Musique,"63 Rue St Pierre, 13005 Marseille",Marseille,13005,43.293167,5.389719,2025-05-09 20:00:00+02:00,2025-05-09 22:30:00+02:00
Bakélite Duo,♫Swing & Jazz♫,la Caravelle,"34 quai du Port, 13002 Marseille",Marseille,13002,43.296497,5.371989,2025-05-09 20:30:00+02:00,2025-05-09 23:30:00+02:00
Christian Maes – Nicolas Nageotte,♫♫♫,Cité de la musique,4 rue Bernard du Bois 13001 Marseille,Marseille,13232,43.301517,5.375629,2025-05-09 20:30:00+02:00,2025-05-09 22:30:00+02:00
Sycamore Sisters,♫♫♫,Latté,"16, rue de l'Evêché, 13002 Marseille",Marseille,13002,43.298167,5.366009,2025-05-09 21:00:00+02:00,2025-05-09 23:30:00+02:00
Bouilla Bass Avec Teki Latex,♫♫♫,Cabaret Aleatoire,"41 rue jobin, 13003 Marseille",Marseille,13003,43.310467,5.390088,2025-05-09 23:00:00+02:00,2025-05-10 05:00:00+02:00
NIGHTBIRDS TRIO,♫JAZZ♫,Roll'Studio,17 rue des Muettes 13002 Marseille,Marseille,13002,43.298857,5.368159,2025-05-10 19:30:00+02:00,2025-05-10 21:30:00+02:00
WARRIOR KIDS / DJs Titou 007 & Mark 666,♫PUNK♫,La Maison Hantée,"10 rue Vian, 13006 Marseille",Marseille,13006,43.294517,5.383679,2025-05-10 20:00:00+02:00,2025-05-10 23:59:00+02:00
MARABOUTAGE + Guest,♫♫♫,Espace Julien,"39 cours Julien, 13006 Marseille",Marseille,13006,43.29431,5.383435,2025-05-10 20:00:00+02:00,2025-05-10 23:30:00+02:00
EVA QUARTET,♫♫♫,Cité de la musique,4 rue Bernard du Bois 13001 Marseille,Marseille,13232,43.301517,5.375629,2025-05-10 20:30:00+02:00,2025-05-10 22:30:00+02:00
Tribu Rabwada,♫♫♫,Makeda,"103 rue Ferrari, 13005 Marseille",Marseille,13005,43.293709,5.391759,2025-05-10 21:00:00+02:00,2025-05-10 23:59:00+02:00
ESPACES BLANCS,♫♫♫,Opéra de Marseille (Foyer Ernest Reyer),"2 Rue Molière, 13001 Marseille",Marseille,13001,43.293348,5.37588,2025-05-11 11:00:00+02:00,2025-05-11 12:30:00+02:00
"Modulation #11: Espaces Blancs - Mathilde Barthélémy, Claudia Jane Scroccaro",♫♫♫,Opéra de Marseille,"2 Rue Molière, 13001 Marseille",Marseille,13001,43.293627,5.376049,2025-05-11 11:00:00+02:00,2025-05-11 12:00:00+02:00
IJAHMAN LEVI / CULTURE,♫REGGAE♫,Espace Julien,"39 cours Julien, 13006 Marseille",Marseille,13006,43.29431,5.383435,2025-05-11 20:00:00+02:00,2025-05-11 23:30:00+02:00
Jam Hors les Murs: Franck Amsallem Trio,♫JAZZ♫,Centre SOLEA,"68 Rue sainte, 13001 Marseille",Marseille,13007,43.291907,5.371989,2025-05-11 20:30:00+02:00,2025-05-11 22:30:00+02:00
Tintamarres: Mariam GVINIASHVILI,♫♫♫,Cité de la musique,4 rue Bernard du Bois 13001 Marseille,Marseille,13232,43.301517,5.375629,2025-05-12 18:30:00+02:00,2025-05-12 22:00:00+02:00
Bœuf Stone,♫scène ouverte♫,Black Stone,"10 Boulevard Gustave Ganay, 13009 Marseille",Marseille,13009,43.265517,5.398888,2025-05-12 21:00:00+02:00,2025-05-12 23:59:00+02:00
Les Auditions du Marché,♫♫♫,Église Notre Dame du mont,1 rue de Lodi - 13006 Marseille,Marseille,13006,43.286837,5.389539,2025-05-13 12:30:00+02:00,2025-05-13 13:00:00+02:00
Concert + Jam,♫♫♫,Massilia Pub,"3, rue Crudère, 13006 Marseille",Marseille,13006,43.294277,5.383839,2025-05-13 20:30:00+02:00,2025-05-13 23:30:00+02:00
Jam Jazz de l'Inter,♫♫♫,L'intermediaire,"63 Place Jean Jaurès, 13006 Marseille",Marseille,13006,43.293997,5.386567,2025-05-13 21:00:00+02:00,2025-05-13 23:59:00+02:00
Le bœuf du Red Lion,♫♫♫,Red Lion,"231 Avenue Pierre Mendès France, 13008 Marseille",Marseille,13008,43.249957,5.375488,2025-05-13 21:30:00+02:00,2025-05-13 23:59:00+02:00
Les Jardins Sonores du Talus,♫♫♫,Le TALUS,"603 Rue Saint-Pierre, 13012 Marseille",Marseille,13012,43.289991,5.426101,2025-05-14 19:00:00+02:00,2025-05-14 22:00:00+02:00
Margaritas Podridas + Guest,♫Alt Rock Mexique♫,Le Molotov,"3, place Paul Cezanne, 13006 Marseille",Marseille,13006,43.292708,5.383167,2025-05-14 20:30:00+02:00,2025-05-14 23:59:00+02:00
Zalaï,♫Chanson française’♫,la Caravelle,"34 quai du Port, 13002 Marseille",Marseille,13002,43.296497,5.371989,2025-05-14 20:30:00+02:00,2025-05-14 23:30:00+02:00
TWERKISTAN: VERSUS,♫♫♫,Vice Versa,"40 Rue des Trois Rois, 13006 Marseille",Marseille,13006,43.293819,5.384958,2025-05-14 22:00:00+02:00,2025-05-15 04:00:00+02:00
Tintamarres - Étudiants,♫♫♫,Cité de la musique,4 rue Bernard du Bois 13001 Marseille,Marseille,13232,43.301517,5.375629,2025-05-15 19:00:00+02:00,2025-05-15 22:00:00+02:00
Le Grand Bal Raï + Hocine Bena,♫♫♫,Makeda,"103 rue Ferrari, 13005 Marseille",Marseille,13005,43.293709,5.391759,2025-05-15 20:00:00+02:00,2025-05-15 23:30:00+02:00
Oscar Emch + Baby Sharon,♫♫♫,Makeda,"103 rue Ferrari, 13005 Marseille",Marseille,13005,43.293709,5.391759,2025-05-15 20:00:00+02:00,2025-05-15 23:30:00+02:00
ELIJAH FOX,♫Jazz/Soul from L.A.♫,La Mesón,52 rue Consolat 13001 Marseille,Marseille,13381,43.300197,5.387889,2025-05-16 19:00:00+02:00,2025-05-16 22:00:00+02:00
Big John Bates / The Dirteez,♫ROCK♫,Leda Atomica Musique,"63 Rue St Pierre, 13005 Marseille",Marseille,13005,43.293167,5.389719,2025-05-16 19:30:00+02:00,2025-05-16 22:00:00+02:00
Un tour du monde en musique,♫♫♫,Théâtre La Criée,"30 quai de Rive Neuve, 13007 Marseille",Marseille,13007,43.292567,5.368139,2025-05-16 20:00:00+02:00,2025-05-16 22:00:00+02:00
NICOLAS LAFOUREST,♫♫♫,Cité de la musique,4 rue Bernard du Bois 13001 Marseille,Marseille,13232,43.301517,5.375629,2025-05-16 20:00:00+02:00,2025-05-16 22:00:00+02:00
BOBY LAPOINTE… SON NEZ,♫♫♫,Le Non-Lieu,"67 rue de La Palud, 13006 Marseille",Marseille,13006,43.292627,5.380519,2025-05-16 20:30:00+02:00,2025-05-16 22:30:00+02:00
2 Gars & 1 Indien,♫♫♫,la Caravelle,"34 quai du Port, 13002 Marseille",Marseille,13002,43.296497,5.371989,2025-05-16 21:00:00+02:00,2025-05-16 23:59:00+02:00
ROYAL SWING,♫JAZZ MANOUCHE♫,Latté,"16, rue de l'Evêché, 13002 Marseille",Marseille,13002,43.298167,5.366009,2025-05-16 21:00:00+02:00,2025-05-16 23:59:00+02:00
Club Cabaret X Succession : Marco Faraone,♫ELECTRO♫,Cabaret Aleatoire,"41 rue jobin, 13003 Marseille",Marseille,13003,43.310467,5.390088,2025-05-16 23:00:00+02:00,2025-05-17 05:00:00+02:00
Frédéric Lo,♫♫♫,Lollipop Music Store,"2 BOULEVARD THEODORE THURNER, 13006 Marseille",Marseille,13006,43.291247,5.383259,2025-05-17 17:00:00+02:00,2025-05-17 19:00:00+02:00
QUINTETTE À DEUX ALTI,♫MUSIQUE DE CHAMBRE♫,Opéra de Marseille,"2 Rue Molière, 13001 Marseille",Marseille,13001,43.293627,5.376049,2025-05-17 17:00:00+02:00,2025-05-17 18:30:00+02:00
JOHNNY BARREL COUNTRY BAND AND GUESTS,♫♫♫,Le Non-Lieu,"67 rue de La Palud, 13006 Marseille",Marseille,13006,43.292627,5.380519,2025-05-17 19:00:00+02:00,2025-05-17 22:30:00+02:00
DAVID LAFORE & GILDAS ETEVENARD,♫chanson décalée♫,La Mesón,52 rue Consolat 13001 Marseille,Marseille,13381,43.300197,5.387889,2025-05-17 19:00:00+02:00,2025-05-17 22:00:00+02:00
YUME,♫Récital de piano classique♫,Roll'Studio,17 rue des Muettes 13002 Marseille,Marseille,13002,43.298857,5.368159,2025-05-17 19:30:00+02:00,2025-05-17 21:30:00+02:00
SOOLKING,♫♫♫,le Dôme,"48 Avenue de Saint-Just, 13004 Marseille",Marseille,13013,43.314877,5.404349,2025-05-17 20:00:00+02:00,2025-05-17 23:00:00+02:00
KADANS CARAÏBE – Clélya Abraham Quartet,♫♫♫,Cité de la musique,4 rue Bernard du Bois 13001 Marseille,Marseille,13232,43.301517,5.375629,2025-05-17 20:30:00+02:00,2025-05-17 22:30:00+02:00
MATHIEU BECQUERELLE,♫♫♫,Théâtre de l'Oeuvre,"1 rue Mission de France, 13001 Marseille",Marseille,13001,43.298167,5.380119,2025-05-17 20:30:00+02:00,2025-05-17 22:30:00+02:00
Ahinama,♫♫♫,Latté,"16, rue de l'Evêché, 13002 Marseille",Marseille,13002,43.298167,5.366009,2025-05-17 21:30:00+02:00,2025-05-17 23:59:00+02:00
Omerta Presente: Fate II,♫♫♫,Cabaret Aleatoire,"41 rue jobin, 13003 Marseille",Marseille,13003,43.310467,5.390088,2025-05-17 23:00:00+02:00,2025-05-18 05:00:00+02:00
FESTIVAL LA PLAINE DU ROCK 2025,♫♫♫,Sur la plaine,place Jean Jaures 13005 Marseille,Marseille,13005,43.295077,5.386559,2025-05-18 13:00:00+02:00,2025-05-18 20:30:00+02:00
THE UNDERGROUND YOUTH  + JIM YOUNGER'S SPIRIT + JULIEN DELAYE AND THE ACOLYTES,♫♫♫,Le Molotov,"3, place Paul Cezanne, 13006 Marseille",Marseille,13006,43.292708,5.383167,2025-05-18 20:30:00+02:00,2025-05-19 00:30:00+02:00
Bœuf Stone,♫scène ouverte♫,Black Stone,"10 Boulevard Gustave Ganay, 13009 Marseille",Marseille,13009,43.265517,5.398888,2025-05-19 21:00:00+02:00,2025-05-19 23:59:00+02:00
THE ECHO: OSEES + PSYCHIC GRAVEYARD + LEILA BORDREUIL,♫♫♫,Espace Julien,"39 cours Julien, 13006 Marseille",Marseille,13006,43.29431,5.383435,2025-05-20 20:00:00+02:00,2025-05-20 23:59:00+02:00
THE ECHO: ALPHA MAID,♫♫♫,Théâtre de l'Oeuvre,"1 rue Mission de France, 13001 Marseille",Marseille,13001,43.298167,5.380119,2025-05-20 20:00:00+02:00,2025-05-20 22:00:00+02:00
Concert + Jam,♫♫♫,Massilia Pub,"3, rue Crudère, 13006 Marseille",Marseille,13006,43.294277,5.383839,2025-05-20 20:30:00+02:00,2025-05-20 23:30:00+02:00
Jam Jazz de l'Inter,♫♫♫,L'intermediaire,"63 Place Jean Jaurès, 13006 Marseille",Marseille,13006,43.293997,5.386567,2025-05-20 21:00:00+02:00,2025-05-20 23:59:00+02:00
Le bœuf du Red Lion,♫♫♫,Red Lion,"231 Avenue Pierre Mendès France, 13008 Marseille",Marseille,13008,43.249957,5.375488,2025-05-20 21:30:00+02:00,2025-05-20 23:59:00+02:00
Les Jardins Sonores du Talus,♫♫♫,Le TALUS,"603 Rue Saint-Pierre, 13012 Marseille",Marseille,13012,43.289991,5.426101,2025-05-21 19:00:00+02:00,2025-05-21 22:00:00+02:00
THE ECHO: MILAN.W,♫♫♫,Théâtre de l'Oeuvre,"1 rue Mission de France, 13001 Marseille",Marseille,13001,43.298167,5.380119,2025-05-21 19:00:00+02:00,2025-05-21 21:30:00+02:00
THE ECHO: REYMOUR + BIBI CLUB,♫♫♫,Makeda,"103 rue Ferrari, 13005 Marseille",Marseille,13005,43.293709,5.391759,2025-05-21 20:30:00+02:00,2025-05-21 23:30:00+02:00
TWERKISTAN: VERSUS,♫♫♫,Vice Versa,"40 Rue des Trois Rois, 13006 Marseille",Marseille,13006,43.293819,5.384958,2025-05-21 22:00:00+02:00,2025-05-22 04:00:00+02:00
THE ECHO: OSEES + PSYCHIC GRAVEYARD + LEILA BORDREUIL,♫♫♫,Espace Julien,"39 cours Julien, 13006 Marseille",Marseille,13006,43.29431,5.383435,2025-05-22 20:00:00+02:00,2025-05-22 23:30:00+02:00
PATRICK FIORI,♫♫♫,le Dôme,"48 Avenue de Saint-Just, 13004 Marseille",Marseille,13013,43.314877,5.404349,2025-05-22 20:00:00+02:00,2025-05-22 22:00:00+02:00
THE ECHO: E-PRIME + EAT-GIRLS + ATTENTION LE TAPIS PREND FEU !,♫♫♫,Makeda,"103 rue Ferrari, 13005 Marseille",Marseille,13005,43.293709,5.391759,2025-05-22 20:30:00+02:00,2025-05-22 23:59:00+02:00
THE ECHO: TESSINA,♫♫♫,La Mesón,52 rue Consolat 13001 Marseille,Marseille,13381,43.300197,5.387889,2025-05-23 19:00:00+02:00,2025-05-23 22:00:00+02:00
THE ECHO: THE LIMIÑANAS + David Shaw and The Beat,♫♫♫,Espace Julien,"39 cours Julien, 13006 Marseille",Marseille,13006,43.29431,5.383435,2025-05-23 20:00:00+02:00,2025-05-23 23:30:00+02:00
THE ECHO FSTIVAL: MARK WILLIAM LEWIS + DAN A,♫♫♫,Makeda,"103 rue Ferrari, 13005 Marseille",Marseille,13005,43.293709,5.391759,2025-05-23 20:30:00+02:00,2025-05-23 23:59:00+02:00
Duo Kanto,♫Chansons & musiques populaires du monde♫,Latté,"16, rue de l'Evêché, 13002 Marseille",Marseille,13002,43.298167,5.366009,2025-05-23 21:30:00+02:00,2025-05-23 23:59:00+02:00
MAAAR,♫♫♫,Cité de la musique,4 rue Bernard du Bois 13001 Marseille,Marseille,13232,43.301517,5.375629,2025-05-23 21:30:00+02:00,2025-05-23 23:30:00+02:00
THE ECHO: RAOUL VIGNAL,♫♫♫,Espace Julien,"39 cours Julien, 13006 Marseille",Marseille,13006,43.29431,5.383435,2025-05-24 19:00:00+02:00,2025-05-24 22:00:00+02:00
THE ECHO: MARIE DAVIDSON + RENDEZ-VOUS + BRYAN’S MAGIC TEARS,♫♫♫,Espace Julien,"39 cours Julien, 13006 Marseille",Marseille,13006,43.29431,5.383435,2025-05-24 20:00:00+02:00,2025-05-24 23:59:00+02:00
La Guillotine - Fin de semaine House of belles plantes BB13,♫♫♫,Le Molotov,"3, place Paul Cezanne, 13006 Marseille",Marseille,13006,43.292708,5.383167,2025-05-24 20:30:00+02:00,2025-05-25 00:30:00+02:00
TRIO WASSIÉ /SOURISSEAU/ BACQUIAS,♫♫♫,Cité de la musique,4 rue Bernard du Bois 13001 Marseille,Marseille,13232,43.301517,5.375629,2025-05-24 20:30:00+02:00,2025-05-24 22:30:00+02:00
AMANDINE HABIB JOUE COUPERIN,♫♫♫,Opéra de Marseille,"2 Rue Molière, 13001 Marseille",Marseille,13001,43.293627,5.376049,2025-05-25 11:00:00+02:00,2025-05-25 12:30:00+02:00
STAR ACADEMY,♫♫♫,le Dôme,"48 Avenue de Saint-Just, 13004 Marseille",Marseille,13013,43.314877,5.404349,2025-05-25 18:00:00+02:00,2025-05-25 20:30:00+02:00
Scott Bradlee et le collectif Postmodern Jukebox,♫♫♫,le Silo,"35 quai du Lazaret, 13002 Marseille",Marseille,13002,43.310347,5.367188,2025-05-26 20:00:00+02:00,2025-05-26 22:00:00+02:00
Bœuf Stone,♫scène ouverte♫,Black Stone,"10 Boulevard Gustave Ganay, 13009 Marseille",Marseille,13009,43.265517,5.398888,2025-05-26 21:00:00+02:00,2025-05-26 23:59:00+02:00
JAZZ’N CITÉ,♫♫♫,Cité de la musique,4 rue Bernard du Bois 13001 Marseille,Marseille,13232,43.301517,5.375629,2025-05-26 21:00:00+02:00,2025-05-26 23:00:00+02:00
HEAVY LUNGS,♫♫♫,Le Molotov,"3, place Paul Cezanne, 13006 Marseille",Marseille,13006,43.292708,5.383167,2025-05-27 20:30:00+02:00,2025-05-27 23:59:00+02:00
Concert + Jam,♫♫♫,Massilia Pub,"3, rue Crudère, 13006 Marseille",Marseille,13006,43.294277,5.383839,2025-05-27 20:30:00+02:00,2025-05-27 23:30:00+02:00
Jam Jazz de l'Inter,♫♫♫,L'intermediaire,"63 Place Jean Jaurès, 13006 Marseille",Marseille,13006,43.293997,5.386567,2025-05-27 21:00:00+02:00,2025-05-27 23:59:00+02:00
Jam Jazz de l'Inter,♫♫♫,L'intermediaire,"63 Place Jean Jaurès, 13006 Marseille",Marseille,13006,43.293997,5.386567,2025-05-27 21:00:00+02:00,2025-05-27 23:59:00+02:00
Le bœuf du Red Lion,♫♫♫,Red Lion,"231 Avenue Pierre Mendès France, 13008 Marseille",Marseille,13008,43.249957,5.375488,2025-05-27 21:30:00+02:00,2025-05-27 23:59:00+02:00
Les Jardins Sonores du Talus,♫♫♫,Le TALUS,"603 Rue Saint-Pierre, 13012 Marseille",Marseille,13012,43.289991,5.426101,2025-05-28 19:00:00+02:00,2025-05-28 22:00:00+02:00
Beat Hit Présente Classico Avec Sniper & More,♫HIP-HOP♫,Cabaret Aleatoire,"41 rue jobin, 13003 Marseille",Marseille,13003,43.310467,5.390088,2025-05-28 20:00:00+02:00,2025-05-28 23:59:00+02:00
Venin / Electric Shock,♫HEAVY METAL♫,La Maison Hantée,"10 rue Vian, 13006 Marseille",Marseille,13006,43.294517,5.383679,2025-05-28 21:00:00+02:00,2025-05-28 23:59:00+02:00
TWERKISTAN: VERSUS,♫♫♫,Vice Versa,"40 Rue des Trois Rois, 13006 Marseille",Marseille,13006,43.293819,5.384958,2025-05-28 22:00:00+02:00,2025-05-29 04:00:00+02:00
SMOKEBOMB / RATS DON'T SINK / VODK47,♫♫♫,Leda Atomica Musique,"63 Rue St Pierre, 13005 Marseille",Marseille,13005,43.293167,5.389719,2025-05-30 19:00:00+02:00,2025-05-30 22:00:00+02:00
ZOMBIE ZOMBIE,♫♫♫,Makeda,"103 rue Ferrari, 13005 Marseille",Marseille,13005,43.293709,5.391759,2025-05-30 20:00:00+02:00,2025-05-30 23:30:00+02:00
KYO,♫♫♫,le Dôme,"48 Avenue de Saint-Just, 13004 Marseille",Marseille,13013,43.314877,5.404349,2025-05-30 20:00:00+02:00,2025-05-30 23:00:00+02:00
Festival Clean My Calanques,♫♫♫,Friche belle de mai,"41 rue Jobin, 13003 Marseille",Marseille,13003,43.310467,5.390088,2025-05-31 15:30:00+02:00,2025-06-01 05:00:00+02:00
SUDAMERIS JAZZ TRIO,♫JAZZ♫,Roll'Studio,17 rue des Muettes 13002 Marseille,Marseille,13002,43.298857,5.368159,2025-05-31 19:30:00+02:00,2025-05-31 21:30:00+02:00
Il TROVATORE,♫OPÉRA♫,Opéra de Marseille,"2 Rue Molière, 13001 Marseille",Marseille,13001,43.293627,5.376049,2025-06-01 14:30:00+02:00,2025-06-01 18:00:00+02:00
BARREN / FHORCE / SPLEEN,♫♫♫,Leda Atomica Musique,"63 Rue St Pierre, 13005 Marseille",Marseille,13005,43.293167,5.389719,2025-06-01 19:00:00+02:00,2025-06-01 23:00:00+02:00
Il TROVATORE,♫OPÉRA♫,Opéra de Marseille,"2 Rue Molière, 13001 Marseille",Marseille,13001,43.293627,5.376049,2025-06-03 20:00:00+02:00,2025-06-03 23:30:00+02:00
Jam Jazz de l'Inter,♫♫♫,L'intermediaire,"63 Place Jean Jaurès, 13006 Marseille",Marseille,13006,43.293997,5.386567,2025-06-03 21:00:00+02:00,2025-06-03 23:59:00+02:00
MICHEL POLNAREFF,♫♫♫,le Dôme,"48 Avenue de Saint-Just, 13004 Marseille",Marseille,13013,43.314877,5.404349,2025-06-04 20:00:00+02:00,2025-06-04 23:00:00+02:00
Il TROVATORE,♫OPÉRA♫,Opéra de Marseille,"2 Rue Molière, 13001 Marseille",Marseille,13001,43.293627,5.376049,2025-06-05 20:00:00+02:00,2025-06-05 23:30:00+02:00
Throwing Muses + Guest,♫♫♫,Le Molotov,"3, place Paul Cezanne, 13006 Marseille",Marseille,13006,43.292708,5.383167,2025-06-05 20:30:00+02:00,2025-06-05 23:59:00+02:00
Ajar,♫♫♫,Makeda,"103 rue Ferrari, 13005 Marseille",Marseille,13005,43.293709,5.391759,2025-06-05 20:30:00+02:00,2025-06-05 22:30:00+02:00
SURFIN'K,♫♫♫,Le Cloître,20 bd madeleine rémusat 13013 Marseille,Marseille,13013,43.335634,5.423801,2025-06-06 19:30:00+02:00,2025-06-06 23:00:00+02:00
SO BRITISH,♫♫♫,Opéra de Marseille,"2 Rue Molière, 13001 Marseille",Marseille,13001,43.293627,5.376049,2025-06-07 16:00:00+02:00,2025-06-07 17:30:00+02:00
Tramhaus + Guest,♫Post-punk♫,Le Molotov,"3, place Paul Cezanne, 13006 Marseille",Marseille,13006,43.292708,5.383167,2025-06-07 20:30:00+02:00,2025-06-07 23:59:00+02:00
CONCERT GEORGES BRASSENS,♫♫♫,Théâtre du carré rond,23 rue des trois rois 13006  Marseille,Marseille,13006,43.293527,5.385139,2025-06-07 20:30:00+02:00,2025-06-07 22:30:00+02:00
CONCERT GEORGES BRASSENS,♫♫♫,Théâtre du carré rond,23 rue des trois rois 13006  Marseille,Marseille,13006,43.293527,5.385139,2025-06-08 16:00:00+02:00,2025-06-08 18:00:00+02:00
ALUK TODOLO / SPIRIT POSSESSION,♫BLACK METAL♫,Le Molotov,"3, place Paul Cezanne, 13006 Marseille",Marseille,13006,43.292708,5.383167,2025-06-08 20:30:00+02:00,2025-06-08 23:59:00+02:00
Les Auditions du Marché,♫♫♫,Église Notre Dame du mont,1 rue de Lodi - 13006 Marseille,Marseille,13006,43.286837,5.389539,2025-06-10 12:30:00+02:00,2025-06-10 13:00:00+02:00
Il TROVATORE,♫OPÉRA♫,Opéra de Marseille,"2 Rue Molière, 13001 Marseille",Marseille,13001,43.293627,5.376049,2025-06-10 20:00:00+02:00,2025-06-10 23:30:00+02:00
STEVEN WILSON,♫♫♫,le Silo,"35 quai du Lazaret, 13002 Marseille",Marseille,13002,43.310347,5.367188,2025-06-11 20:00:00+02:00,2025-06-11 22:00:00+02:00
Canebière Pression,♫♫♫,Le Cloître,20 bd madeleine rémusat 13013 Marseille,Marseille,13013,43.335634,5.423801,2025-06-12 19:30:00+02:00,2025-06-12 23:00:00+02:00
"Isaya, Les Fiancées du Folk",♫Concert + Documentaire♫,Théâtre de l'Oeuvre,"1 rue Mission de France, 13001 Marseille",Marseille,13001,43.298167,5.380119,2025-06-12 20:30:00+02:00,2025-06-12 23:30:00+02:00
Jetlag Gang,♫♫♫,Cabaret Aleatoire,"41 rue jobin, 13003 Marseille",Marseille,13003,43.310467,5.390088,2025-06-13 23:30:00+02:00,2025-06-14 05:30:00+02:00
Trio SINHA / CARRETIER / COROMP,♫JAZZ♫,Roll'Studio,17 rue des Muettes 13002 Marseille,Marseille,13002,43.298857,5.368159,2025-06-14 19:30:00+02:00,2025-06-14 21:30:00+02:00
TELETECH MARSEILLE,♫♫♫,Cabaret Aleatoire,"41 rue jobin, 13003 Marseille",Marseille,13003,43.310467,5.390088,2025-06-14 23:00:00+02:00,2025-06-15 05:30:00+02:00
ORCHESTRE PHILHARMONIQUE DE MARSEILLE,♫♫♫,Opéra de Marseille,"2 Rue Molière, 13001 Marseille",Marseille,13001,43.293627,5.376049,2025-06-15 16:00:00+02:00,2025-06-15 17:30:00+02:00
COCOROSIE,♫FOLK♫,Espace Julien,"39 cours Julien, 13006 Marseille",Marseille,13006,43.29431,5.383435,2025-06-16 20:00:00+02:00,2025-06-16 23:00:00+02:00
PORRIDGE RADIO + KING HANNAH,♫ROCK♫,Espace Julien,"39 cours Julien, 13006 Marseille",Marseille,13006,43.29431,5.383435,2025-06-17 20:00:00+02:00,2025-06-17 23:30:00+02:00
White Ward + Guest,♫BLACK METAL♫,Le Molotov,"3, place Paul Cezanne, 13006 Marseille",Marseille,13006,43.292708,5.383167,2025-06-17 20:30:00+02:00,2025-06-17 23:59:00+02:00
New Candys + Guest,♫Psychedelic Alt Rock♫,Le Molotov,"3, place Paul Cezanne, 13006 Marseille",Marseille,13006,43.292708,5.383167,2025-06-18 20:30:00+02:00,2025-06-18 23:59:00+02:00
Concert de fin d'année Up. Town Music School,♫♫♫,Espace Julien,"39 cours Julien, 13006 Marseille",Marseille,13006,43.29431,5.383435,2025-06-20 18:00:00+02:00,2025-06-20 22:00:00+02:00
Soirée de sortie du magazine Antichambre: LODI GUNZ / La FLEMME / GROUPE SURPRISE,♫ROCK♫,La Maison Hantée,"10 rue Vian, 13006 Marseille",Marseille,13006,43.294517,5.383679,2025-06-20 19:00:00+02:00,2025-06-21 01:00:00+02:00
SCAT AND CO,♫Jam Jazz Vocal♫,La maison du chant,"49 rue Chape, 13004 Marseille",Marseille,13004,43.300587,5.392609,2025-06-20 19:00:00+02:00,2025-06-20 23:00:00+02:00
SCAT AND CO,♫Jam Jazz Vocal♫,La maison du chant,"49 rue Chape, 13004 Marseille",Marseille,13004,43.300587,5.392609,2025-06-20 19:30:00+02:00,2025-06-20 23:00:00+02:00
EARTH CRISIS - DISTURB - FALL FOR RISING,♫HARDCORE♫,Le Molotov,"3, place Paul Cezanne, 13006 Marseille",Marseille,13006,43.292708,5.383167,2025-06-22 19:30:00+02:00,2025-06-22 23:59:00+02:00
RUSSIAN CIRCLES + ULTHA,"♫METAL, ROCK♫",Espace Julien,"39 cours Julien, 13006 Marseille",Marseille,13006,43.29431,5.383435,2025-06-25 20:00:00+02:00,2025-06-25 23:59:00+02:00
JAZZMANIAK,♫JAZZ♫,Roll'Studio,17 rue des Muettes 13002 Marseille,Marseille,13002,43.298857,5.368159,2025-06-28 19:30:00+02:00,2025-06-28 21:30:00+02:00
Iam,♫♫♫,Stade Vélodrome,"3 Bd Michelet, 13008 Marseille",Marseille,13009,43.268367,5.394119,2025-06-28 20:00:00+02:00,2025-06-28 23:00:00+02:00
Messa + Guest,♫♫♫,Le Molotov,"3, place Paul Cezanne, 13006 Marseille",Marseille,13006,43.292708,5.383167,2025-06-29 20:30:00+02:00,2025-06-29 23:59:00+02:00
Poetic Ways & Orchestre Divertimento / Marie Carnage,♫♫♫,vieille charité,2 rue de la charité 13002,Marseille,13002,43.300027,5.368269,2025-07-01 20:00:00+02:00,2025-07-01 23:00:00+02:00
Youn Sun Nah,♫♫♫,vieille charité,2 rue de la charité 13002,Marseille,13002,43.300027,5.368269,2025-07-02 20:00:00+02:00,2025-07-02 22:30:00+02:00
Nubya Garcia,♫♫♫,vieille charité,2 rue de la charité 13002,Marseille,13002,43.300027,5.368269,2025-07-03 20:00:00+02:00,2025-07-03 23:30:00+02:00
Tigran Hamasyan / Marie Carnage,♫♫♫,La citadelle de Marseille,"1 Bd Charles Livon, 13007 Marseille",Marseille,13007,43.291973,5.358193,2025-07-04 20:00:00+02:00,2025-07-04 23:30:00+02:00
Antonio Lizana / Ludivine Issambourg,♫♫♫,Théâtre de La Sucrière,246 Rue De Lyon 13015 Marseille,Marseille,13015,43.33325,5.364911,2025-07-05 20:00:00+02:00,2025-07-05 23:00:00+02:00
Jeff Mills & Emile Parisien 4tet / Angles Morts,♫♫♫,Friche belle de mai,"41 rue Jobin, 13003 Marseille",Marseille,13003,43.310467,5.390088,2025-07-08 20:00:00+02:00,2025-07-08 23:30:00+02:00
"Caravan Palace / Mino Cinelu, Bojan Z et Juan Carmona",♫♫♫,Théâtre silvain,"Chemin du pont de la fausse monnaie, corniche du président kennedy",Marseille,13007,43.281607,5.355089,2025-07-09 20:30:00+02:00,2025-07-09 23:30:00+02:00
Thee Sacred Souls / Sophye Soliveau,♫♫♫,Théâtre silvain,"Chemin du pont de la fausse monnaie, corniche du président kennedy",Marseille,13007,43.281607,5.355089,2025-07-10 20:30:00+02:00,2025-07-10 23:30:00+02:00
Kokoroko / Anne Paceo,♫♫♫,Théâtre silvain,"Chemin du pont de la fausse monnaie, corniche du président kennedy",Marseille,13007,43.281607,5.355089,2025-07-11 20:30:00+02:00,2025-07-11 23:30:00+02:00
Dee Dee Bridgewater / Erik Truffaz,♫JAZZ♫,Théâtre silvain,"Chemin du pont de la fausse monnaie, corniche du président kennedy",Marseille,13007,43.281607,5.355089,2025-07-12 20:30:00+02:00,2025-07-12 23:30:00+02:00
Jocelyne Beroard & Tony Chasseur / Alune Wade,♫♫♫,Théâtre silvain,"Chemin du pont de la fausse monnaie, corniche du président kennedy",Marseille,13007,43.281607,5.355089,2025-07-13 20:30:00+02:00,2025-07-13 23:00:00+02:00
LOS FASTIDIOS,♫Street Ska Punk♫,Le Molotov,"3, place Paul Cezanne, 13006 Marseille",Marseille,13006,43.292708,5.383167,2025-09-06 20:30:00+02:00,2025-09-06 23:59:00+02:00
Hayden Pedigo + Guest,♫♫♫,Le Molotov,"3, place Paul Cezanne, 13006 Marseille",Marseille,13006,43.292708,5.383167,2025-09-21 20:30:00+02:00,2025-09-21 23:30:00+02:00
INFINIT',♫RAP♫,l'affranchi,"212 bd de St Marcel, 13011 Marseille",Marseille,13011,43.286447,5.467589,2025-09-27 20:00:00+02:00,2025-09-27 22:30:00+02:00
EIVØR + ÁSGEIR + Elinborg,♫♫♫,Espace Julien,"39 cours Julien, 13006 Marseille",Marseille,13006,43.29431,5.383435,2025-10-02 20:00:00+02:00,2025-10-02 23:59:00+02:00
KRISY,"♫RAP, HIP-HOP♫",Espace Julien,"39 cours Julien, 13006 Marseille",Marseille,13006,43.29431,5.383435,2025-10-03 20:00:00+02:00,2025-10-03 22:30:00+02:00
MANIA - THE ABBA TRIBUTE,♫♫♫,le Dôme,"48 Avenue de Saint-Just, 13004 Marseille",Marseille,13013,43.314877,5.404349,2025-10-10 20:30:00+02:00,2025-10-10 22:30:00+02:00
THE DIRE STRAITS EXPERIENCE,♫♫♫,le Dôme,"48 Avenue de Saint-Just, 13004 Marseille",Marseille,13013,43.314877,5.404349,2025-10-15 20:00:00+02:00,2025-10-15 23:00:00+02:00
SINCLAIR,♫♫♫,Espace Julien,"39 cours Julien, 13006 Marseille",Marseille,13006,43.29431,5.383435,2025-10-15 20:00:00+02:00,2025-10-15 23:00:00+02:00
Siena Root + Guest,♫ROCK♫,Le Molotov,"3, place Paul Cezanne, 13006 Marseille",Marseille,13006,43.292708,5.383167,2025-10-15 20:30:00+02:00,2025-10-15 23:59:00+02:00
MÉDINE,♫♫♫,Espace Julien,"39 cours Julien, 13006 Marseille",Marseille,13006,43.29431,5.383435,2025-10-17 20:00:00+02:00,2025-10-17 23:00:00+02:00
Lara Fabian,♫♫♫,le Dôme,"48 Avenue de Saint-Just, 13004 Marseille",Marseille,13013,43.314877,5.404349,2025-10-19 18:00:00+02:00,2025-10-19 20:00:00+02:00
VITAA,♫♫♫,le Dôme,"48 Avenue de Saint-Just, 13004 Marseille",Marseille,13013,43.314877,5.404349,2025-10-26 18:00:00+01:00,2025-10-26 20:00:00+01:00
ILIONA,♫CHANSON♫,Espace Julien,"39 cours Julien, 13006 Marseille",Marseille,13006,43.29431,5.383435,2025-10-31 20:00:00+01:00,2025-10-31 22:30:00+01:00
Lloyd Cole,♫♫♫,Espace Julien,"39 cours Julien, 13006 Marseille",Marseille,13006,43.29431,5.383435,2025-11-03 20:00:00+01:00,2025-11-03 22:30:00+01:00
HAMZA,♫♫♫,le Dôme,"48 Avenue de Saint-Just, 13004 Marseille",Marseille,13013,43.314877,5.404349,2025-11-06 20:00:00+01:00,2025-11-06 23:00:00+01:00
Les Fatals Picards,♫♫♫,Espace Julien,"39 cours Julien, 13006 Marseille",Marseille,13006,43.29431,5.383435,2025-11-06 20:00:00+01:00,2025-11-06 22:30:00+01:00
GAZO,♫RAP♫,le Dôme,"48 Avenue de Saint-Just, 13004 Marseille",Marseille,13013,43.314877,5.404349,2025-11-07 20:00:00+01:00,2025-11-07 23:00:00+01:00
Vendredi sur Mer,♫♫♫,Espace Julien,"39 cours Julien, 13006 Marseille",Marseille,13006,43.29431,5.383435,2025-11-08 20:00:00+01:00,2025-11-08 23:00:00+01:00
HERMAN DUNE,♫♫♫,Théâtre de l'Oeuvre,"1 rue Mission de France, 13001 Marseille",Marseille,13001,43.298167,5.380119,2025-11-10 20:00:00+01:00,2025-11-10 22:30:00+01:00
NEJ’,♫♫♫,le Dôme,"48 Avenue de Saint-Just, 13004 Marseille",Marseille,13013,43.314877,5.404349,2025-11-16 17:00:00+01:00,2025-11-16 20:00:00+01:00
PIERRE GARNIER,♫♫♫,le Dôme,"48 Avenue de Saint-Just, 13004 Marseille",Marseille,13013,43.314877,5.404349,2025-11-21 20:00:00+01:00,2025-11-21 23:00:00+01:00
JULIEN DORÉ,♫♫♫,le Dôme,"48 Avenue de Saint-Just, 13004 Marseille",Marseille,13013,43.314877,5.404349,2025-11-22 20:00:00+01:00,2025-11-22 22:30:00+01:00
MIREILLE MATHIEU,♫♫♫,le Silo,"35 quai du Lazaret, 13002 Marseille",Marseille,13002,43.310347,5.367188,2025-11-22 20:30:00+01:00,2025-11-22 22:00:00+01:00
Ibrahim Maalouf,♫♫♫,le Silo,"35 quai du Lazaret, 13002 Marseille",Marseille,13002,43.310347,5.367188,2025-11-24 20:00:00+01:00,2025-11-24 22:00:00+01:00
Helena,♫♫♫,le Dôme,"48 Avenue de Saint-Just, 13004 Marseille",Marseille,13013,43.314877,5.404349,2025-11-27 20:00:00+01:00,2025-11-27 23:00:00+01:00
THE INSPECTOR CLUZO,♫♫♫,Espace Julien,"39 cours Julien, 13006 Marseille",Marseille,13006,43.29431,5.383435,2025-11-27 20:00:00+01:00,2025-11-27 22:30:00+01:00
AMIR,♫♫♫,le Dôme,"48 Avenue de Saint-Just, 13004 Marseille",Marseille,13013,43.314877,5.404349,2025-11-29 20:00:00+01:00,2025-11-29 23:00:00+01:00
MICHEL JONASZ,♫♫♫,le Silo,"35 quai du Lazaret, 13002 Marseille",Marseille,13002,43.310347,5.367188,2025-11-29 20:30:00+01:00,2025-11-29 22:30:00+01:00
Gojira,♫METAL♫,le Dôme,"48 Avenue de Saint-Just, 13004 Marseille",Marseille,13013,43.314877,5.404349,2025-12-06 20:00:00+01:00,2025-12-06 23:00:00+01:00
Dajak,♫♫♫,Makeda,"103 rue Ferrari, 13005 Marseille",Marseille,13005,43.293709,5.391759,2025-12-12 20:00:00+01:00,2025-12-12 23:00:00+01:00
Calogero,♫♫♫,le Silo,"35 quai du Lazaret, 13002 Marseille",Marseille,13002,43.310347,5.367188,2025-12-12 20:00:00+01:00,2025-12-12 22:30:00+01:00
Calogero,♫♫♫,le Silo,"35 quai du Lazaret, 13002 Marseille",Marseille,13002,43.310347,5.367188,2025-12-13 20:00:00+01:00,2025-12-13 22:30:00+01:00
GIMS,♫♫♫,le Dôme,"48 Avenue de Saint-Just, 13004 Marseille",Marseille,13013,43.314877,5.404349,2025-12-14 18:00:00+01:00,2025-12-14 21:00:00+01:00
GIMS,♫♫♫,le Dôme,"48 Avenue de Saint-Just, 13004 Marseille",Marseille,13013,43.314877,5.404349,2025-12-15 20:00:00+01:00,2025-12-15 23:00:00+01:00
Ben Mazué,♫♫♫,le Silo,"35 quai du Lazaret, 13002 Marseille",Marseille,13002,43.310347,5.367188,2025-12-18 19:00:00+01:00,2025-12-18 22:00:00+01:00
ONE NIGHT OF QUEEN,♫♫♫,le Dôme,"48 Avenue de Saint-Just, 13004 Marseille",Marseille,13013,43.314877,5.404349,2026-01-07 20:00:00+01:00,2026-01-07 23:00:00+01:00
LAURENT VOULZY,♫♫♫,le Silo,"35 quai du Lazaret, 13002 Marseille",Marseille,13002,43.310347,5.367188,2026-01-10 20:30:00+01:00,2026-01-10 22:30:00+01:00
IL ÉTAIT UNE FOIS…ENNIO MORRICONE & NINO ROTA,♫♫♫,le Dôme,"48 Avenue de Saint-Just, 13004 Marseille",Marseille,13013,43.314877,5.404349,2026-01-14 20:00:00+01:00,2026-01-14 22:30:00+01:00
LA FOUINE,♫♫♫,le Dôme,"48 Avenue de Saint-Just, 13004 Marseille",Marseille,13013,43.314877,5.404349,2026-01-20 20:00:00+01:00,2026-01-20 23:00:00+01:00
LOUANE,♫♫♫,le Dôme,"48 Avenue de Saint-Just, 13004 Marseille",Marseille,13013,43.314877,5.404349,2026-01-30 20:00:00+01:00,2026-01-30 23:00:00+01:00
Ara Malikian,♫♫♫,le Silo,"35 quai du Lazaret, 13002 Marseille",Marseille,13002,43.310347,5.367188,2026-03-23 20:00:00+01:00,2026-03-23 22:00:00+01:00
Kim Wilde,♫♫♫,le Silo,"35 quai du Lazaret, 13002 Marseille",Marseille,13002,43.310347,5.367188,2026-04-16 20:30:00+02:00,2026-04-16 23:30:00+02:00
Mélanz Nasyon,♫MALOYA♫,Makeda,"103 rue Ferrari, 13005 Marseille",Marseille,13005,43.293709,5.391759,2026-11-04 20:00:00+01:00,2026-11-04 23:00:00+01:00
